lat,rental_methods,region_id,eightd_has_key_dispenser,external_id,electric_bike_surcharge_waiver,lon,legacy_id,station_id,capacity,eightd_station_services,has_kiosk,name,short_name,station_type
42.34011512249236,"['CREDITCARD', 'KEY']",10,True,f83464e4-0de8-11e7-991c-3863bb43a7d0,False,-71.10061883926392,3,f83464e4-0de8-11e7-991c-3863bb43a7d0,14,[],True,Colleges of the Fenway - Fenway at Avenue Louis Pasteur,B32006,classic
42.345392,"['CREDITCARD', 'KEY']",10,False,f834658f-0de8-11e7-991c-3863bb43a7d0,False,-71.069616,4,f834658f-0de8-11e7-991c-3863bb43a7d0,19,[],True,Tremont St at E Berkeley St,C32000,classic
42.341814,"['CREDITCARD', 'KEY']",10,False,f834662c-0de8-11e7-991c-3863bb43a7d0,False,-71.090179,5,f834662c-0de8-11e7-991c-3863bb43a7d0,15,[],True,Northeastern University - North Parking Lot,B32012,classic
42.36125721646537,"['CREDITCARD', 'KEY']",10,False,f83466c6-0de8-11e7-991c-3863bb43a7d0,False,-71.06528744101524,6,f83466c6-0de8-11e7-991c-3863bb43a7d0,15,[],True,Cambridge St at Joy St,D32000,classic
42.3533905070523,"['CREDITCARD', 'KEY']",10,False,f8346768-0de8-11e7-991c-3863bb43a7d0,False,-71.04457139968872,7,f8346768-0de8-11e7-991c-3863bb43a7d0,15,[],True,Fan Pier,A32000,classic
42.353334,"['CREDITCARD', 'KEY']",10,False,f8346803-0de8-11e7-991c-3863bb43a7d0,False,-71.137313,8,f8346803-0de8-11e7-991c-3863bb43a7d0,19,[],True,Union Square - Brighton Ave at Cambridge St,A32001,classic
42.35169201885973,"['CREDITCARD', 'KEY']",10,False,f8346894-0de8-11e7-991c-3863bb43a7d0,False,-71.11903488636017,9,f8346894-0de8-11e7-991c-3863bb43a7d0,15,[],True,Commonwealth Ave at Agganis Way,A32002,classic
42.350406,"['CREDITCARD', 'KEY']",10,False,f8346a3c-0de8-11e7-991c-3863bb43a7d0,False,-71.108279,10,f8346a3c-0de8-11e7-991c-3863bb43a7d0,11,[],True,B.U. Central - 725 Comm. Ave.,A32003,classic
42.338629,"['CREDITCARD', 'KEY']",10,False,f8346ad7-0de8-11e7-991c-3863bb43a7d0,False,-71.1065,11,f8346ad7-0de8-11e7-991c-3863bb43a7d0,15,"[{'off_dock_bikes_count': 101, 'name': 'Valet Service', 'schedule_description': '', 'id': 'f8346ad7-0de8-11e7-991c-3863bb43a7d0', 'off_dock_remaining_bike_capacity': -1, 'description': '', 'service_type': 'ATTENDED_SERVICE', 'docks_availability': 'NONE', 'link_for_more_info': '', 'bikes_availability': 'UNLIMITED'}]",True,Longwood Ave at Binney St,A32004,classic
42.33624444796878,"['CREDITCARD', 'KEY']",10,True,f8346b6f-0de8-11e7-991c-3863bb43a7d0,False,-71.08798563480377,12,f8346b6f-0de8-11e7-991c-3863bb43a7d0,24,[],True,Ruggles T Stop - Columbus Ave at Melnea Cass Blvd,B32002,classic
42.33639915372498,"['CREDITCARD', 'KEY']",10,False,f8346c01-0de8-11e7-991c-3863bb43a7d0,False,-71.07306711393903,13,f8346c01-0de8-11e7-991c-3863bb43a7d0,19,[],True,Boston Medical Center - E Concord St at Harrison Ave,C32002,classic
42.3374174845973,"['CREDITCARD', 'KEY']",10,False,f8346c96-0de8-11e7-991c-3863bb43a7d0,False,-71.10286116600037,14,f8346c96-0de8-11e7-991c-3863bb43a7d0,25,[],True,HMS/HSPH - Avenue Louis Pasteur at Longwood Ave,B32003,classic
42.3615457081725,"['CREDITCARD', 'KEY']",10,False,f8346d23-0de8-11e7-991c-3863bb43a7d0,False,-71.13776206970215,15,f8346d23-0de8-11e7-991c-3863bb43a7d0,15,[],True,Brighton Mills - 370 Western Ave,A32005,classic
42.34807412317439,"['CREDITCARD', 'KEY']",10,True,f8346dbd-0de8-11e7-991c-3863bb43a7d0,False,-71.07657015323639,16,f8346dbd-0de8-11e7-991c-3863bb43a7d0,17,[],True,Back Bay T Stop - Dartmouth St at Stuart St,C32003,classic
42.364263440638524,"['CREDITCARD', 'KEY']",10,False,f8346e51-0de8-11e7-991c-3863bb43a7d0,False,-71.1182756971175,17,f8346e51-0de8-11e7-991c-3863bb43a7d0,15,[],True,Soldiers Field Park - 111 Western Ave,A32006,classic
42.347241,"['CREDITCARD', 'KEY']",10,False,f8346f6f-0de8-11e7-991c-3863bb43a7d0,False,-71.105301,19,f8346f6f-0de8-11e7-991c-3863bb43a7d0,15,[],True,Park Dr at Buswell St,A32008,classic
42.35991176110118,"['CREDITCARD', 'KEY']",10,True,f8347002-0de8-11e7-991c-3863bb43a7d0,False,-71.0514298081398,20,f8347002-0de8-11e7-991c-3863bb43a7d0,23,[],True,Aquarium T Stop - 200 Atlantic Ave,B32004,classic
42.34652003998412,"['CREDITCARD', 'KEY']",10,True,f834708e-0de8-11e7-991c-3863bb43a7d0,False,-71.08065776545118,21,f834708e-0de8-11e7-991c-3863bb43a7d0,18,[],True,Prudential Center - 101 Huntington Ave,C32007,classic
42.352175,"['CREDITCARD', 'KEY']",10,True,f8347118-0de8-11e7-991c-3863bb43a7d0,False,-71.055547,22,f8347118-0de8-11e7-991c-3863bb43a7d0,37,[],True,South Station - 700 Atlantic Ave,A32010,classic
42.35892,"['CREDITCARD', 'KEY']",10,True,f83471a1-0de8-11e7-991c-3863bb43a7d0,False,-71.057629,23,f83471a1-0de8-11e7-991c-3863bb43a7d0,25,[],True,Boston City Hall - 28 State St,B32008,classic
42.35148193460858,"['CREDITCARD', 'KEY']",10,False,f834723b-0de8-11e7-991c-3863bb43a7d0,False,-71.04436084628105,24,f834723b-0de8-11e7-991c-3863bb43a7d0,23,[],True,Seaport Square - Seaport Blvd at Northern Ave,B32007,classic
42.341332,"['CREDITCARD', 'KEY']",10,False,f83472d3-0de8-11e7-991c-3863bb43a7d0,False,-71.076847,25,f83472d3-0de8-11e7-991c-3863bb43a7d0,15,[],True,South End Library - Tremont St at W Newton St,A32009,classic
42.341574718737476,"['CREDITCARD', 'KEY']",10,False,f8347361-0de8-11e7-991c-3863bb43a7d0,False,-71.06890439987183,26,f8347361-0de8-11e7-991c-3863bb43a7d0,15,[],True,Washington St at Waltham St,D32002,classic
42.331184,"['CREDITCARD', 'KEY']",10,False,f83473ea-0de8-11e7-991c-3863bb43a7d0,False,-71.095171,27,f83473ea-0de8-11e7-991c-3863bb43a7d0,23,[],True,Roxbury Crossing T Stop - Columbus Ave at Tremont St,C32001,classic
42.36371276003581,"['CREDITCARD', 'KEY']",10,False,f8347a8b-0de8-11e7-991c-3863bb43a7d0,False,-71.12459778785706,29,f8347a8b-0de8-11e7-991c-3863bb43a7d0,19,[],True,Innovation Lab - 125 Western Ave at Batten Way,A32011,classic
42.33462893055976,"['CREDITCARD', 'KEY']",10,False,f8347b1e-0de8-11e7-991c-3863bb43a7d0,False,-71.10407917767589,30,f8347b1e-0de8-11e7-991c-3863bb43a7d0,15,[],True,Brigham Circle - Francis St at Huntington Ave,B32013,classic
42.34881026188269,"['CREDITCARD', 'KEY']",10,True,f8347ba8-0de8-11e7-991c-3863bb43a7d0,False,-71.04167744055303,31,f8347ba8-0de8-11e7-991c-3863bb43a7d0,19,[],True,Seaport Hotel - Congress St at Seaport Ln,B32014,classic
42.343690557197476,"['CREDITCARD', 'KEY']",10,False,f8347c41-0de8-11e7-991c-3863bb43a7d0,False,-71.10235286881107,32,f8347c41-0de8-11e7-991c-3863bb43a7d0,15,[],True,Landmark Center - Brookline Ave at Park Dr,B32015,classic
42.348706,"['CREDITCARD', 'KEY']",10,True,f8347ccd-0de8-11e7-991c-3863bb43a7d0,False,-71.097009,33,f8347ccd-0de8-11e7-991c-3863bb43a7d0,24,[],True,Kenmore Square,B32010,classic
42.355335019412564,"['CREDITCARD', 'KEY']",10,False,f8347ded-0de8-11e7-991c-3863bb43a7d0,False,-71.0582291708306,35,f8347ded-0de8-11e7-991c-3863bb43a7d0,31,[],True,Arch St at Franklin St,D32004,classic
42.34992828230057,"['CREDITCARD', 'KEY']",10,False,f8347e78-0de8-11e7-991c-3863bb43a7d0,False,-71.07739206866427,36,f8347e78-0de8-11e7-991c-3863bb43a7d0,28,[],True,Copley Square - Dartmouth St at Boylston St,D32005,classic
42.35732921867706,"['CREDITCARD', 'KEY']",10,True,f8347f09-0de8-11e7-991c-3863bb43a7d0,False,-71.14673539996147,37,f8347f09-0de8-11e7-991c-3863bb43a7d0,14,[],True,New Balance - 20 Guest St,D32001,classic
42.338514601785995,"['CREDITCARD', 'KEY']",10,False,f8348021-0de8-11e7-991c-3863bb43a7d0,False,-71.07404083013535,39,f8348021-0de8-11e7-991c-3863bb43a7d0,27,[],True,Washington St at Rutland St,C32006,classic
42.363871,"['CREDITCARD', 'KEY']",10,False,f83480a9-0de8-11e7-991c-3863bb43a7d0,False,-71.050877,40,f83480a9-0de8-11e7-991c-3863bb43a7d0,19,[],True,Lewis Wharf at Atlantic Ave,D32006,classic
42.352261,"['CREDITCARD', 'KEY']",10,True,f8348136-0de8-11e7-991c-3863bb43a7d0,False,-71.123831,41,f8348136-0de8-11e7-991c-3863bb43a7d0,27,[],True,Packard's Corner - Commonwealth Ave at Brighton Ave,A32012,classic
42.35206004921818,"['CREDITCARD', 'KEY']",10,False,f83481c5-0de8-11e7-991c-3863bb43a7d0,False,-71.07046365748829,42,f83481c5-0de8-11e7-991c-3863bb43a7d0,31,[],True,Boylston St at Arlington St,D32007,classic
42.357143,"['CREDITCARD', 'KEY']",10,True,f834824e-0de8-11e7-991c-3863bb43a7d0,False,-71.050699,43,f834824e-0de8-11e7-991c-3863bb43a7d0,15,[],True,Rowes Wharf at Atlantic Ave,D32008,classic
42.36041774637169,"['CREDITCARD', 'KEY']",10,False,f83482d2-0de8-11e7-991c-3863bb43a7d0,False,-71.05752243543975,44,f83482d2-0de8-11e7-991c-3863bb43a7d0,23,[],True,Congress St at Boston City Hall,D32009,classic
42.3436658245146,"['CREDITCARD', 'KEY']",10,False,f83483f3-0de8-11e7-991c-3863bb43a7d0,False,-71.08582377433777,46,f83483f3-0de8-11e7-991c-3863bb43a7d0,19,[],True,Christian Science Plaza - Massachusetts Ave at Westland Ave,B32005,classic
42.362811,"['CREDITCARD', 'KEY']",10,False,f8348481-0de8-11e7-991c-3863bb43a7d0,False,-71.056067,47,f8348481-0de8-11e7-991c-3863bb43a7d0,19,[],True,Cross St at Hanover St,D32010,classic
42.35585435522005,"['CREDITCARD', 'KEY']",10,False,f8348509-0de8-11e7-991c-3863bb43a7d0,False,-71.05459745998814,48,f8348509-0de8-11e7-991c-3863bb43a7d0,19,[],True,Post Office Square,D32012,classic
42.351146,"['CREDITCARD', 'KEY']",10,True,f8348598-0de8-11e7-991c-3863bb43a7d0,False,-71.066289,49,f8348598-0de8-11e7-991c-3863bb43a7d0,18,[],True,Stuart St at Charles St,D32011,classic
42.3511419825475,"['CREDITCARD', 'KEY']",10,True,f8348622-0de8-11e7-991c-3863bb43a7d0,False,-71.07329249382019,50,f8348622-0de8-11e7-991c-3863bb43a7d0,15,[],True,Boylston St at Berkeley St,D32013,classic
42.3350989929096,"['CREDITCARD', 'KEY']",10,False,f83486ab-0de8-11e7-991c-3863bb43a7d0,False,-71.07903778553009,51,f83486ab-0de8-11e7-991c-3863bb43a7d0,15,[],True,Washington St at Lenox St,C32005,classic
42.348717,"['CREDITCARD', 'KEY']",10,False,f8348719-0de8-11e7-991c-3863bb43a7d0,False,-71.085954,52,f8348719-0de8-11e7-991c-3863bb43a7d0,23,[],True,Newbury St at Hereford St,B32000,classic
42.35082680669095,"['CREDITCARD', 'KEY']",10,False,f8348781-0de8-11e7-991c-3863bb43a7d0,False,-71.0898108780384,53,f8348781-0de8-11e7-991c-3863bb43a7d0,19,[],True,Beacon St at Massachusetts Ave,B32016,classic
42.354979,"['CREDITCARD', 'KEY']",10,False,f83487f0-0de8-11e7-991c-3863bb43a7d0,False,-71.063348,54,f83487f0-0de8-11e7-991c-3863bb43a7d0,15,[],True,Tremont St at West St,D32014,classic
42.34740620525209,"['CREDITCARD', 'KEY']",10,False,f8348857-0de8-11e7-991c-3863bb43a7d0,False,-71.08678414955648,55,f8348857-0de8-11e7-991c-3863bb43a7d0,15,[],True,Boylston St at Massachusetts Ave,B32018,classic
42.329842993518085,"['CREDITCARD', 'KEY']",10,True,f83488be-0de8-11e7-991c-3863bb43a7d0,False,-71.08386572459494,56,f83488be-0de8-11e7-991c-3863bb43a7d0,18,[],True,Dudley Square - Bolling Building,B32017,classic
42.340814,"['CREDITCARD', 'KEY']",10,True,f8348924-0de8-11e7-991c-3863bb43a7d0,False,-71.0816197,57,f8348924-0de8-11e7-991c-3863bb43a7d0,14,[],True,Massachusetts Ave at Columbus Ave,C32004,classic
42.355536284897084,"['CREDITCARD', 'KEY']",10,True,f8348995-0de8-11e7-991c-3863bb43a7d0,False,-71.07286870479584,58,f8348995-0de8-11e7-991c-3863bb43a7d0,19,[],True,Mugar Way at Beacon St,D32017,classic
42.351356,"['CREDITCARD', 'KEY']",10,True,f83489ff-0de8-11e7-991c-3863bb43a7d0,False,-71.059367,59,f83489ff-0de8-11e7-991c-3863bb43a7d0,19,[],True,Chinatown Gate Plaza,D32015,classic
42.36079296858265,"['CREDITCARD', 'KEY']",10,False,f8348a68-0de8-11e7-991c-3863bb43a7d0,False,-71.07118962337152,60,f8348a68-0de8-11e7-991c-3863bb43a7d0,19,[],True,Charles Circle - Charles St at Cambridge St,D32016,classic
42.348803822833936,"['CREDITCARD', 'KEY']",10,False,f8349070-0de8-11e7-991c-3863bb43a7d0,False,-71.08236908912659,61,f8349070-0de8-11e7-991c-3863bb43a7d0,19,[],True,Boylston St at Fairfield St,C32008,classic
42.344040510016356,"['CREDITCARD', 'KEY']",10,False,f834916a-0de8-11e7-991c-3863bb43a7d0,False,-71.05737626552582,63,f834916a-0de8-11e7-991c-3863bb43a7d0,15,[],True,Dorchester Ave at Gillette Park,C32009,classic
42.351004495946704,"['CREDITCARD', 'KEY']",10,False,f83491d4-0de8-11e7-991c-3863bb43a7d0,False,-71.04930013418198,64,f83491d4-0de8-11e7-991c-3863bb43a7d0,19,[],True,Congress St at Sleeper St,C32010,classic
42.347763454147454,"['CREDITCARD', 'KEY']",10,False,f834923d-0de8-11e7-991c-3863bb43a7d0,False,-71.0453599691391,65,f834923d-0de8-11e7-991c-3863bb43a7d0,23,[],True,Boston Convention and Exhibition Center - Summer St at West Side Dr,D32018,classic
42.34922469338298,"['CREDITCARD', 'KEY']",10,False,f83492b4-0de8-11e7-991c-3863bb43a7d0,False,-71.13275302578586,66,f83492b4-0de8-11e7-991c-3863bb43a7d0,15,[],True,Commonwealth Ave at Griggs St,A32017,classic
42.3581,"['CREDITCARD', 'KEY']",8,True,f83493c0-0de8-11e7-991c-3863bb43a7d0,False,-71.093198,67,f83493c0-0de8-11e7-991c-3863bb43a7d0,27,[],True,MIT at Mass Ave / Amherst St,M32006,classic
42.36507,"['CREDITCARD', 'KEY']",8,True,f8349440-0de8-11e7-991c-3863bb43a7d0,False,-71.1031,68,f8349440-0de8-11e7-991c-3863bb43a7d0,19,[],True,Central Square at Mass Ave / Essex St,M32011,classic
42.341598,"['CREDITCARD', 'KEY']",4,True,f83494b4-0de8-11e7-991c-3863bb43a7d0,False,-71.123338,69,f83494b4-0de8-11e7-991c-3863bb43a7d0,19,[],True,Coolidge Corner - Beacon St at Centre St,K32001,classic
42.3722168027866,"['CREDITCARD', 'KEY']",8,False,f834952a-0de8-11e7-991c-3863bb43a7d0,False,-71.12188071012497,70,f834952a-0de8-11e7-991c-3863bb43a7d0,23,[],True,Harvard Kennedy School at Bennett St / Eliot St,M32016,classic
42.383638948222654,"['CREDITCARD', 'KEY']",9,False,f8349599-0de8-11e7-991c-3863bb43a7d0,False,-71.10853672027588,71,f8349599-0de8-11e7-991c-3863bb43a7d0,23,[],True,Conway Park - Somerville Avenue,S32004,classic
42.36224178650923,"['CREDITCARD', 'KEY']",8,False,f8349672-0de8-11e7-991c-3863bb43a7d0,False,-71.0831107199192,72,f8349672-0de8-11e7-991c-3863bb43a7d0,23,[],True,One Broadway / Kendall Sq at Main St / 3rd St,M32003,classic
42.373328798874056,"['CREDITCARD', 'KEY']",8,False,f8349745-0de8-11e7-991c-3863bb43a7d0,False,-71.12098601080106,73,f8349745-0de8-11e7-991c-3863bb43a7d0,15,[],True,Harvard Square at Brattle St / Eliot St,M32017,classic
42.373268,"['CREDITCARD', 'KEY']",8,True,f83497b9-0de8-11e7-991c-3863bb43a7d0,False,-71.118579,74,f83497b9-0de8-11e7-991c-3863bb43a7d0,19,[],True,Harvard Square at Mass Ave/ Dunster,M32018,classic
42.36346469304347,"['CREDITCARD', 'KEY']",8,False,f8349824-0de8-11e7-991c-3863bb43a7d0,False,-71.10057324171066,75,f8349824-0de8-11e7-991c-3863bb43a7d0,15,[],True,Lafayette Square at Mass Ave / Main St / Columbia St,M32009,classic
42.366426,"['CREDITCARD', 'KEY']",8,False,f8349b20-0de8-11e7-991c-3863bb43a7d0,False,-71.105495,76,f8349b20-0de8-11e7-991c-3863bb43a7d0,17,[],True,Central Sq Post Office / Cambridge City Hall at Mass Ave / Pleasant St,M32012,classic
42.386844,"['CREDITCARD', 'KEY']",9,False,f8349ba9-0de8-11e7-991c-3863bb43a7d0,False,-71.09812,77,f8349ba9-0de8-11e7-991c-3863bb43a7d0,19,[],True,Somerville City Hall,S32001,classic
42.37964789967527,"['CREDITCARD', 'KEY']",9,False,f8349c69-0de8-11e7-991c-3863bb43a7d0,False,-71.09540475672475,78,f8349c69-0de8-11e7-991c-3863bb43a7d0,19,[],True,Union Square - Somerville,S32002,classic
42.37875351212593,"['CREDITCARD', 'KEY']",9,False,f8349d6e-0de8-11e7-991c-3863bb43a7d0,False,-71.10707223415375,79,f8349d6e-0de8-11e7-991c-3863bb43a7d0,19,[],True,Beacon St at Washington / Kirkland,S32003,classic
42.3621312344991,"['CREDITCARD', 'KEY']",8,False,f8349de4-0de8-11e7-991c-3863bb43a7d0,False,-71.09115600585936,80,f8349de4-0de8-11e7-991c-3863bb43a7d0,35,[],True,MIT Stata Center at Vassar St / Main St,M32005,classic
42.352409,"['CREDITCARD', 'KEY']",10,False,f8349e56-0de8-11e7-991c-3863bb43a7d0,False,-71.062679,81,f8349e56-0de8-11e7-991c-3863bb43a7d0,19,[],True,Chinatown T Stop,D32019,classic
42.33826680058037,"['CREDITCARD', 'KEY']",4,False,f8349ed6-0de8-11e7-991c-3863bb43a7d0,False,-71.13894682028331,82,f8349ed6-0de8-11e7-991c-3863bb43a7d0,15,[],True,Beacon St at Tappan St,K32002,classic
42.367074071490926,"['CREDITCARD', 'KEY']",8,False,f834a1de-0de8-11e7-991c-3863bb43a7d0,False,-71.07679277658461,84,f834a1de-0de8-11e7-991c-3863bb43a7d0,15,[],True,CambridgeSide Galleria - CambridgeSide PL at Land Blvd,M32019,classic
42.378338,"['CREDITCARD', 'KEY']",10,False,f834a2a8-0de8-11e7-991c-3863bb43a7d0,False,-71.048927,85,f834a2a8-0de8-11e7-991c-3863bb43a7d0,19,[],True,Spaulding Rehabilitation Hospital - Charlestown Navy Yard,D32023,classic
42.33274392304887,"['CREDITCARD', 'KEY']",4,False,f834a32d-0de8-11e7-991c-3863bb43a7d0,False,-71.11626680949485,86,f834a32d-0de8-11e7-991c-3863bb43a7d0,15,[],True,Brookline Village - Station Street at MBTA,K32003,classic
42.366621,"['CREDITCARD', 'KEY']",8,False,f834a3a0-0de8-11e7-991c-3863bb43a7d0,False,-71.114214,87,f834a3a0-0de8-11e7-991c-3863bb43a7d0,15,[],True,Harvard University Housing - 115 Putnam Ave at Peabody Terrace,M32014,classic
42.379011,"['CREDITCARD', 'KEY']",8,False,f834a67b-0de8-11e7-991c-3863bb43a7d0,False,-71.119945,89,f834a67b-0de8-11e7-991c-3863bb43a7d0,19,[],True,Harvard Law School at Mass Ave / Jarvis St,M32020,classic
42.370677,"['CREDITCARD', 'KEY']",8,False,f834a6f9-0de8-11e7-991c-3863bb43a7d0,False,-71.076529,90,f834a6f9-0de8-11e7-991c-3863bb43a7d0,19,[],True,Lechmere Station at Cambridge St / First St,M32001,classic
42.366277,"['CREDITCARD', 'KEY']",8,False,f834a7d1-0de8-11e7-991c-3863bb43a7d0,False,-71.09169,91,f834a7d1-0de8-11e7-991c-3863bb43a7d0,19,[],True,One Kendall Square at Hampshire St / Portland St,M32002,classic
42.31218918475612,"['CREDITCARD', 'KEY']",10,False,f834a838-0de8-11e7-991c-3863bb43a7d0,False,-71.03648586203235,92,f834a838-0de8-11e7-991c-3863bb43a7d0,19,[],True,University of Massachusetts Boston - Campus Center,C32014,classic
42.32033973515723,"['CREDITCARD', 'KEY']",10,False,f834a8a0-0de8-11e7-991c-3863bb43a7d0,False,-71.05118036270142,93,f834a8a0-0de8-11e7-991c-3863bb43a7d0,15,[],True,JFK/UMass T Stop,C32013,classic
42.375603,"['CREDITCARD', 'KEY']",10,False,f834a959-0de8-11e7-991c-3863bb43a7d0,False,-71.064608,94,f834a959-0de8-11e7-991c-3863bb43a7d0,11,[],True,Main St at Austin St,D32020,classic
42.372969,"['CREDITCARD', 'KEY']",8,False,f834ab92-0de8-11e7-991c-3863bb43a7d0,False,-71.094445,95,f834ab92-0de8-11e7-991c-3863bb43a7d0,15,[],True,Cambridge St - at Columbia St / Webster Ave,M32007,classic
42.373379,"['CREDITCARD', 'KEY']",8,False,f834abfd-0de8-11e7-991c-3863bb43a7d0,False,-71.111075,96,f834abfd-0de8-11e7-991c-3863bb43a7d0,19,[],True,Cambridge Main Library at Broadway / Trowbridge St,M32013,classic
42.369239074859216,"['CREDITCARD', 'KEY']",8,False,f834b101-0de8-11e7-991c-3863bb43a7d0,False,-71.11687034368515,97,f834b101-0de8-11e7-991c-3863bb43a7d0,21,[],True,Harvard University River Houses at DeWolfe St / Cowperthwaite St,M32038,classic
42.371848,"['CREDITCARD', 'KEY']",10,True,f834b183-0de8-11e7-991c-3863bb43a7d0,False,-71.060292,98,f834b183-0de8-11e7-991c-3863bb43a7d0,23,[],True,Warren St at Chelsea St,D32021,classic
42.38567578752914,"['CREDITCARD', 'KEY']",9,False,f834b1ed-0de8-11e7-991c-3863bb43a7d0,False,-71.11412136298895,99,f834b1ed-0de8-11e7-991c-3863bb43a7d0,15,[],True,Wilson Square,S32005,classic
42.396969,"['CREDITCARD', 'KEY']",9,True,f834b42d-0de8-11e7-991c-3863bb43a7d0,False,-71.123024,100,f834b42d-0de8-11e7-991c-3863bb43a7d0,25,[],True,Davis Square,S32006,classic
42.39936816059618,"['CREDITCARD', 'KEY']",9,False,f834b49d-0de8-11e7-991c-3863bb43a7d0,False,-71.11111521723615,101,f834b49d-0de8-11e7-991c-3863bb43a7d0,19,[],True,Ball Sq,S32007,classic
42.400877,"['CREDITCARD', 'KEY']",9,False,f834b50a-0de8-11e7-991c-3863bb43a7d0,False,-71.116772,102,f834b50a-0de8-11e7-991c-3863bb43a7d0,14,[],True,Powder House Circle - Nathan Tufts Park,S32008,classic
42.346551241753566,"['CREDITCARD', 'KEY']",4,False,f834b5d9-0de8-11e7-991c-3863bb43a7d0,False,-71.1283321143128,103,f834b5d9-0de8-11e7-991c-3863bb43a7d0,15,[],True,JFK Crossing at Harvard St. / Thorndike St.,K32004,classic
42.380287,"['CREDITCARD', 'KEY']",8,False,f834b652-0de8-11e7-991c-3863bb43a7d0,False,-71.125107,104,f834b652-0de8-11e7-991c-3863bb43a7d0,19,[],True,Harvard University Radcliffe Quadrangle at Shepard St / Garden St,M32024,classic
42.357218503176526,"['CREDITCARD', 'KEY']",8,False,f834b8b3-0de8-11e7-991c-3863bb43a7d0,False,-71.1138716340065,105,f834b8b3-0de8-11e7-991c-3863bb43a7d0,19,[],True,Lower Cambridgeport at Magazine St / Riverside Rd,M32022,classic
42.325333,"['CREDITCARD', 'KEY']",10,False,f834b928-0de8-11e7-991c-3863bb43a7d0,False,-71.075354,106,f834b928-0de8-11e7-991c-3863bb43a7d0,15,[],True,Dudley Town Common - Mt Pleasant Ave at Blue Hill Ave,C32015,classic
42.3625,"['CREDITCARD', 'KEY']",8,False,f834b99d-0de8-11e7-991c-3863bb43a7d0,False,-71.08822,107,f834b99d-0de8-11e7-991c-3863bb43a7d0,19,"[{'off_dock_bikes_count': 166, 'name': 'Valet Service', 'schedule_description': '', 'id': 'f834b99d-0de8-11e7-991c-3863bb43a7d0', 'off_dock_remaining_bike_capacity': -66, 'description': '', 'service_type': 'ATTENDED_SERVICE', 'docks_availability': 'NONE', 'link_for_more_info': '', 'bikes_availability': 'UNLIMITED'}]",True,Ames St at Main St,M32037,classic
42.377945,"['CREDITCARD', 'KEY']",8,False,f834ba08-0de8-11e7-991c-3863bb43a7d0,False,-71.116865,108,f834ba08-0de8-11e7-991c-3863bb43a7d0,16,[],True,Harvard University / SEAS Cruft-Pierce Halls at 29 Oxford St,M32023,classic
42.36590788445084,"['CREDITCARD', 'KEY']",10,False,f834bbdd-0de8-11e7-991c-3863bb43a7d0,False,-71.06446668505669,109,f834bbdd-0de8-11e7-991c-3863bb43a7d0,35,[],True,West End Park,D32022,classic
42.376369,"['CREDITCARD', 'KEY']",8,False,f834c5c9-0de8-11e7-991c-3863bb43a7d0,False,-71.114025,110,f834c5c9-0de8-11e7-991c-3863bb43a7d0,15,[],True,Harvard University Gund Hall at Quincy St / Kirkland St,M32021,classic
42.40449,"['CREDITCARD', 'KEY']",9,False,f834c6f5-0de8-11e7-991c-3863bb43a7d0,False,-71.123413,111,f834c6f5-0de8-11e7-991c-3863bb43a7d0,15,[],True,Packard Ave at Powderhouse Blvd,S32009,classic
42.406302,"['CREDITCARD', 'KEY']",9,False,f834c7a9-0de8-11e7-991c-3863bb43a7d0,False,-71.132446,112,f834c7a9-0de8-11e7-991c-3863bb43a7d0,15,[],True,Clarendon Hill at Broadway,S32010,classic
42.33073332585453,"['CREDITCARD', 'KEY']",10,False,f834ca55-0de8-11e7-991c-3863bb43a7d0,False,-71.05699850837482,113,f834ca55-0de8-11e7-991c-3863bb43a7d0,15,[],True,Andrew T Stop - Dorchester Ave at Dexter St,C32012,classic
42.40087950159558,"['CREDITCARD', 'KEY']",9,False,f834caf2-0de8-11e7-991c-3863bb43a7d0,False,-71.12590793383788,114,f834caf2-0de8-11e7-991c-3863bb43a7d0,15,[],True,Teele Square,S32011,classic
42.387995,"['CREDITCARD', 'KEY']",8,False,f834cb89-0de8-11e7-991c-3863bb43a7d0,False,-71.119084,115,f834cb89-0de8-11e7-991c-3863bb43a7d0,19,[],True,Porter Square Station,M32029,classic
42.370803,"['CREDITCARD', 'KEY']",8,False,f834cf45-0de8-11e7-991c-3863bb43a7d0,False,-71.104412,116,f834cf45-0de8-11e7-991c-3863bb43a7d0,23,[],True,359 Broadway - Broadway at Fayette Street,M32026,classic
42.36608797388682,"['CREDITCARD', 'KEY']",8,False,f834cfd8-0de8-11e7-991c-3863bb43a7d0,False,-71.08633603909765,117,f834cfd8-0de8-11e7-991c-3863bb43a7d0,19,[],True,Binney St / Sixth St,M32027,classic
42.397828,"['CREDITCARD', 'KEY']",8,False,f834d064-0de8-11e7-991c-3863bb43a7d0,False,-71.130516,118,f834d064-0de8-11e7-991c-3863bb43a7d0,19,[],True,Linear Park - Mass. Ave. at Cameron Ave. ,M32025,classic
42.335741,"['CREDITCARD', 'KEY']",10,False,f834d260-0de8-11e7-991c-3863bb43a7d0,False,-71.03877,119,f834d260-0de8-11e7-991c-3863bb43a7d0,15,[],True,South Boston Library - 646 E Broadway,C32017,classic
42.356052,"['CREDITCARD', 'KEY']",10,False,f834d34b-0de8-11e7-991c-3863bb43a7d0,False,-71.069849,120,f834d34b-0de8-11e7-991c-3863bb43a7d0,19,[],True,Beacon St at Charles St,D32024,classic
42.335958979433094,"['CREDITCARD', 'KEY']",10,False,f834db9b-0de8-11e7-991c-3863bb43a7d0,False,-71.04622899561036,121,f834db9b-0de8-11e7-991c-3863bb43a7d0,17,[],True,W Broadway at Dorchester St,C32016,classic
42.345733,"['CREDITCARD', 'KEY']",10,False,f834dc46-0de8-11e7-991c-3863bb43a7d0,False,-71.100694,122,f834dc46-0de8-11e7-991c-3863bb43a7d0,15,[],True,Burlington Ave at Brookline Ave,B32020,classic
42.309054,"['CREDITCARD', 'KEY']",10,False,f834dedf-0de8-11e7-991c-3863bb43a7d0,False,-71.11543,124,f834dedf-0de8-11e7-991c-3863bb43a7d0,15,[],True,Curtis Hall - South St at Centre St,E32001,classic
42.32176525723952,"['CREDITCARD', 'KEY']",10,False,f834e1b2-0de8-11e7-991c-3863bb43a7d0,False,-71.10984160567114,125,f834e1b2-0de8-11e7-991c-3863bb43a7d0,15,[],True,Hyde Square - Barbara St at Centre St,E32003,classic
42.315692,"['CREDITCARD', 'KEY']",10,False,f834e244-0de8-11e7-991c-3863bb43a7d0,False,-71.098634,126,f834e244-0de8-11e7-991c-3863bb43a7d0,15,[],True,Egleston Square - Atherton St at Washington St,E32004,classic
42.320561,"['CREDITCARD', 'KEY']",10,False,f834e534-0de8-11e7-991c-3863bb43a7d0,False,-71.06198,128,f834e534-0de8-11e7-991c-3863bb43a7d0,19,[],True,E Cottage St at Columbia Rd,C32018,classic
42.377022,"['CREDITCARD', 'KEY']",10,False,f834e75d-0de8-11e7-991c-3863bb43a7d0,False,-71.056605,129,f834e75d-0de8-11e7-991c-3863bb43a7d0,19,[],True,Hayes Square - Vine St at Moulton St,D32026,classic
42.31727474327453,"['CREDITCARD', 'KEY']",10,False,f834ea45-0de8-11e7-991c-3863bb43a7d0,False,-71.06537003967787,130,f834ea45-0de8-11e7-991c-3863bb43a7d0,15,[],True,Uphams Corner,C32019,classic
42.32293117195949,"['CREDITCARD', 'KEY']",10,True,f834ec42-0de8-11e7-991c-3863bb43a7d0,False,-71.10014140605927,131,f834ec42-0de8-11e7-991c-3863bb43a7d0,18,[],True,Jackson Square T Stop,E32006,classic
42.310579,"['CREDITCARD', 'KEY']",10,False,f834f036-0de8-11e7-991c-3863bb43a7d0,False,-71.107341,133,f834f036-0de8-11e7-991c-3863bb43a7d0,23,[],True,Green Street T Stop - Green St at Amory St,E32005,classic
42.344827,"['CREDITCARD', 'KEY']",10,False,f834f6a3-0de8-11e7-991c-3863bb43a7d0,False,-71.028664,135,f834f6a3-0de8-11e7-991c-3863bb43a7d0,17,[],True,ID Building East,C32020,classic
42.344796,"['CREDITCARD', 'KEY']",10,False,f834f814-0de8-11e7-991c-3863bb43a7d0,False,-71.031614,136,f834f814-0de8-11e7-991c-3863bb43a7d0,19,[],True,ID Building West,C32021,classic
42.39778339961249,"['CREDITCARD', 'KEY']",9,False,f834f8ca-0de8-11e7-991c-3863bb43a7d0,False,-71.10594004465383,137,f834f8ca-0de8-11e7-991c-3863bb43a7d0,14,[],True,Magoun Square at Trum Field,S32013,classic
42.326599,"['CREDITCARD', 'KEY']",10,False,f834f948-0de8-11e7-991c-3863bb43a7d0,False,-71.066498,138,f834f948-0de8-11e7-991c-3863bb43a7d0,15,[],True,Newmarket Square T Stop - Massachusetts Ave at Newmarket Square,C32022,classic
42.361780439606044,"['CREDITCARD', 'KEY']",8,False,f834fb66-0de8-11e7-991c-3863bb43a7d0,False,-71.10809952020645,139,f834fb66-0de8-11e7-991c-3863bb43a7d0,19,[],True,Dana Park,M32030,classic
42.388966,"['CREDITCARD', 'KEY']",8,False,f834fc57-0de8-11e7-991c-3863bb43a7d0,False,-71.132788,140,f834fc57-0de8-11e7-991c-3863bb43a7d0,17,[],True,Danehy Park,M32031,classic
42.363560158429884,"['CREDITCARD', 'KEY']",8,False,f834fcbe-0de8-11e7-991c-3863bb43a7d0,False,-71.08216792345047,141,f834fcbe-0de8-11e7-991c-3863bb43a7d0,17,[],True,Kendall Street,M32032,classic
42.396105,"['CREDITCARD', 'KEY']",8,False,f834fd36-0de8-11e7-991c-3863bb43a7d0,False,-71.139459,142,f834fd36-0de8-11e7-991c-3863bb43a7d0,23,[],True,Alewife Station at Russell Field,M32033,classic
42.369885,"['CREDITCARD', 'KEY']",8,False,f834fda2-0de8-11e7-991c-3863bb43a7d0,False,-71.069957,143,f834fda2-0de8-11e7-991c-3863bb43a7d0,23,[],True,EF - North Point Park,M32034,classic
42.366446738529454,"['CREDITCARD', 'KEY']",8,False,f834fede-0de8-11e7-991c-3863bb43a7d0,False,-71.07654601335526,144,f834fede-0de8-11e7-991c-3863bb43a7d0,19,[],True,Rogers St & Land Blvd,M32035,classic
42.392766,"['CREDITCARD', 'KEY']",8,False,f834ff5a-0de8-11e7-991c-3863bb43a7d0,False,-71.129042,145,f834ff5a-0de8-11e7-991c-3863bb43a7d0,19,[],True,Rindge Avenue - O'Neill Library,M32036,classic
42.336448,"['CREDITCARD', 'KEY']",10,False,f834ffc9-0de8-11e7-991c-3863bb43a7d0,False,-71.023739,146,f834ffc9-0de8-11e7-991c-3863bb43a7d0,19,[],True,Murphy Skating Rink - 1880 Day Blvd,C32023,classic
42.364474565180565,"['CREDITCARD', 'KEY']",10,True,f8350129-0de8-11e7-991c-3863bb43a7d0,False,-71.12840831285212,149,f8350129-0de8-11e7-991c-3863bb43a7d0,17,[],True,175 N Harvard St,A32019,classic
42.344137,"['CREDITCARD', 'KEY']",10,False,f8350199-0de8-11e7-991c-3863bb43a7d0,False,-71.052608,150,f8350199-0de8-11e7-991c-3863bb43a7d0,19,[],True,State Street at Channel Center,C32024,classic
42.358155,"['CREDITCARD', 'KEY']",10,False,f8350204-0de8-11e7-991c-3863bb43a7d0,False,-71.052163,151,f8350204-0de8-11e7-991c-3863bb43a7d0,19,[],True,Surface Rd at India St,A32013,classic
42.345901,"['CREDITCARD', 'KEY']",10,True,f835027c-0de8-11e7-991c-3863bb43a7d0,False,-71.063187,152,f835027c-0de8-11e7-991c-3863bb43a7d0,26,[],True,Ink Block - Harrison Ave at Herald St,C32025,classic
42.390446216041305,"['CREDITCARD', 'KEY']",9,False,f835043d-0de8-11e7-991c-3863bb43a7d0,False,-71.10856622457504,156,f835043d-0de8-11e7-991c-3863bb43a7d0,15,[],True,Somerville Hospital,S32020,classic
42.35317809186252,"['CREDITCARD', 'KEY']",10,False,f8350a84-0de8-11e7-991c-3863bb43a7d0,False,-71.04817356923377,157,f8350a84-0de8-11e7-991c-3863bb43a7d0,15,[],True,Seaport Blvd at Sleeper St,C32036,classic
42.32760387040573,"['CREDITCARD', 'KEY']",10,False,f8350b76-0de8-11e7-991c-3863bb43a7d0,False,-71.11089169979095,159,f8350b76-0de8-11e7-991c-3863bb43a7d0,15,[],True,S Huntington Ave at Heath St,E32007,classic
42.33758601097239,"['CREDITCARD', 'KEY']",10,True,f8350be5-0de8-11e7-991c-3863bb43a7d0,False,-71.09627097845076,160,f8350be5-0de8-11e7-991c-3863bb43a7d0,12,[],True,Wentworth Institute of Technology - Huntington Ave at Vancouver St,B32021,classic
42.3391085,"['CREDITCARD', 'KEY']",10,True,f8350c56-0de8-11e7-991c-3863bb43a7d0,False,-71.0514432,161,f8350c56-0de8-11e7-991c-3863bb43a7d0,20,[],True,W Broadway at D St,C32029,classic
42.309796,"['CREDITCARD', 'KEY']",10,False,f8350cc1-0de8-11e7-991c-3863bb43a7d0,False,-71.092225,162,f8350cc1-0de8-11e7-991c-3863bb43a7d0,15,[],True,Franklin Park - Seaver St at Humboldt Ave,C32027,classic
42.344792,"['CREDITCARD', 'KEY']",10,True,f8350d30-0de8-11e7-991c-3863bb43a7d0,False,-71.044024,163,f8350d30-0de8-11e7-991c-3863bb43a7d0,19,[],True,The Lawn on D,C32028,classic
42.317642,"['CREDITCARD', 'KEY']",10,False,f8350ecf-0de8-11e7-991c-3863bb43a7d0,False,-71.056664,167,f8350ecf-0de8-11e7-991c-3863bb43a7d0,15,[],True,Ryan Playground - Dorchester Ave at Harbor View St,C32031,classic
42.378965,"['CREDITCARD', 'KEY']",10,False,f8351019-0de8-11e7-991c-3863bb43a7d0,False,-71.068607,169,f8351019-0de8-11e7-991c-3863bb43a7d0,19,[],True,Edwards Playground - Main St at Eden St,A32022,classic
42.303469,"['CREDITCARD', 'KEY']",10,True,f835108b-0de8-11e7-991c-3863bb43a7d0,False,-71.085347,170,f835108b-0de8-11e7-991c-3863bb43a7d0,14,[],True,Franklin Park Zoo - Franklin Park Rd at Blue Hill Ave,C32030,classic
42.37408991426522,"['CREDITCARD', 'KEY']",10,True,f83510fd-0de8-11e7-991c-3863bb43a7d0,False,-71.06905996799469,171,f83510fd-0de8-11e7-991c-3863bb43a7d0,23,[],True,Bunker Hill Community College,A32023,classic
42.3106,"['CREDITCARD', 'KEY']",10,True,f83511d4-0de8-11e7-991c-3863bb43a7d0,False,-71.0539,173,f83511d4-0de8-11e7-991c-3863bb43a7d0,14,[],True,Savin Hill T Stop - S Sydney St at Bay St,C32033,classic
42.3489528466951,"['CREDITCARD', 'KEY']",10,False,f8351255-0de8-11e7-991c-3863bb43a7d0,False,-71.16031676530838,174,f8351255-0de8-11e7-991c-3863bb43a7d0,15,[],True,Washington St at Brock St,D32029,classic
42.34894857235593,"['CREDITCARD', 'KEY']",10,True,f83512c9-0de8-11e7-991c-3863bb43a7d0,False,-71.15027189254761,175,f83512c9-0de8-11e7-991c-3863bb43a7d0,16,[],True,Brighton Center - Washington St at Cambridge St,D32028,classic
42.38674802045056,"['CREDITCARD', 'KEY']",8,False,f8351336-0de8-11e7-991c-3863bb43a7d0,False,-71.11901879310608,176,f8351336-0de8-11e7-991c-3863bb43a7d0,15,[],True,Lesley University,M32039,classic
42.36264779118595,"['CREDITCARD', 'KEY']",8,False,f83513a7-0de8-11e7-991c-3863bb43a7d0,False,-71.10006093978882,177,f83513a7-0de8-11e7-991c-3863bb43a7d0,19,[],True,University Park,M32040,classic
42.35957320109044,"['CREDITCARD', 'KEY']",8,False,f835141c-0de8-11e7-991c-3863bb43a7d0,False,-71.10129475593567,178,f835141c-0de8-11e7-991c-3863bb43a7d0,19,[],True,MIT Pacific St at Purrington St,M32041,classic
42.355601213279265,"['CREDITCARD', 'KEY']",8,False,f8351490-0de8-11e7-991c-3863bb43a7d0,False,-71.10394477844238,179,f8351490-0de8-11e7-991c-3863bb43a7d0,53,[],True,MIT Vassar St,M32042,classic
42.37478628706384,"['CREDITCARD', 'KEY']",8,False,f83514f9-0de8-11e7-991c-3863bb43a7d0,False,-71.13320231437683,180,f83514f9-0de8-11e7-991c-3863bb43a7d0,19,[],True,Mt Auburn,M32043,classic
42.381650612901176,"['CREDITCARD', 'KEY']",8,False,f8351569-0de8-11e7-991c-3863bb43a7d0,False,-71.13426981498378,181,f8351569-0de8-11e7-991c-3863bb43a7d0,19,[],True,Huron Ave At Vassal Lane,M32044,classic
42.36769018024484,"['CREDITCARD', 'KEY']",8,True,f83515d8-0de8-11e7-991c-3863bb43a7d0,False,-71.07116281986237,182,f83515d8-0de8-11e7-991c-3863bb43a7d0,19,[],True,Museum of Science,M32045,classic
42.395588457167094,"['CREDITCARD', 'KEY']",8,False,f8351649-0de8-11e7-991c-3863bb43a7d0,False,-71.14260613918304,183,f8351649-0de8-11e7-991c-3863bb43a7d0,19,[],True,Alewife MBTA at Steel Place,M32046,classic
42.35775309465199,"['CREDITCARD', 'KEY']",8,False,f83516b8-0de8-11e7-991c-3863bb43a7d0,False,-71.10393404960632,184,f83516b8-0de8-11e7-991c-3863bb43a7d0,19,[],True,Sidney Research Campus/Erie Street at Waverly,M32047,classic
42.36544486137399,"['CREDITCARD', 'KEY']",8,False,f8351726-0de8-11e7-991c-3863bb43a7d0,False,-71.08277142047882,185,f8351726-0de8-11e7-991c-3863bb43a7d0,15,[],True,Third at Binney,M32048,classic
42.3481,"['CREDITCARD', 'KEY']",10,False,f8351791-0de8-11e7-991c-3863bb43a7d0,False,-71.03764,186,f8351791-0de8-11e7-991c-3863bb43a7d0,13,[],True,Congress St at Northern Ave,C32032,classic
42.32784317478686,"['CREDITCARD', 'KEY']",4,False,f83517fa-0de8-11e7-991c-3863bb43a7d0,False,-71.1253622174263,187,f83517fa-0de8-11e7-991c-3863bb43a7d0,15,[],True,Cypress St at Clark Playground,K32009,classic
42.39108438146733,"['CREDITCARD', 'KEY']",9,False,f8351dc2-0de8-11e7-991c-3863bb43a7d0,False,-71.09039425849915,188,f8351dc2-0de8-11e7-991c-3863bb43a7d0,15,[],True,Foss Park,S32015,classic
42.362427842912396,"['CREDITCARD', 'KEY']",8,True,f8351e42-0de8-11e7-991c-3863bb43a7d0,False,-71.08495473861694,189,f8351e42-0de8-11e7-991c-3863bb43a7d0,23,[],True,Kendall T,M32004,classic
42.365673,"['CREDITCARD', 'KEY']",10,True,f8351eb0-0de8-11e7-991c-3863bb43a7d0,False,-71.064263,190,f8351eb0-0de8-11e7-991c-3863bb43a7d0,36,[],True,Nashua Street at Red Auerbach Way,A32025,classic
42.331370168043215,"['CREDITCARD', 'KEY']",4,False,f8351f1d-0de8-11e7-991c-3863bb43a7d0,False,-71.1268836054569,191,f8351f1d-0de8-11e7-991c-3863bb43a7d0,15,[],True,Tappan St at Brookline Hills MBTA,K32008,classic
42.354659,"['CREDITCARD', 'KEY']",10,False,f8351f87-0de8-11e7-991c-3863bb43a7d0,False,-71.053181,192,f8351f87-0de8-11e7-991c-3863bb43a7d0,19,[],True,Purchase St at Pearl St,A32026,classic
42.33376472623494,"['CREDITCARD', 'KEY']",4,True,f8351ff1-0de8-11e7-991c-3863bb43a7d0,False,-71.12046446660315,193,f8351ff1-0de8-11e7-991c-3863bb43a7d0,15,[],True,Brookline Town Hall,K32005,classic
42.386141411639564,"['CREDITCARD', 'KEY']",9,False,f8352068-0de8-11e7-991c-3863bb43a7d0,False,-71.07828140258789,194,f8352068-0de8-11e7-991c-3863bb43a7d0,19,[],True,Broadway St at Mt Pleasant St,S32014,classic
42.371976784679745,"['CREDITCARD', 'KEY']",8,False,f83520d8-0de8-11e7-991c-3863bb43a7d0,False,-71.07200495972165,195,f83520d8-0de8-11e7-991c-3863bb43a7d0,23,[],True,Child Street at Brian P. Murphy Staircase,M32049,classic
42.31787329345602,"['CREDITCARD', 'KEY']",10,True,f8352150-0de8-11e7-991c-3863bb43a7d0,False,-71.08243077993393,196,f8352150-0de8-11e7-991c-3863bb43a7d0,10,[],True,Roxbury YMCA - Warren St at MLK Blvd,B32022,classic
42.32143814183195,"['CREDITCARD', 'KEY']",10,False,f8352219-0de8-11e7-991c-3863bb43a7d0,False,-71.09126061201096,197,f8352219-0de8-11e7-991c-3863bb43a7d0,15,[],True,MLK Blvd at Washington St,B32023,classic
42.318697341722434,"['CREDITCARD', 'KEY']",10,False,f8352306-0de8-11e7-991c-3863bb43a7d0,False,-71.0697814822197,199,f8352306-0de8-11e7-991c-3863bb43a7d0,15,[],True,Uphams Corner T Stop - Magnolia St at Dudley St,B32025,classic
42.332817,"['CREDITCARD', 'KEY']",10,False,f8352378-0de8-11e7-991c-3863bb43a7d0,False,-71.081198,200,f8352378-0de8-11e7-991c-3863bb43a7d0,19,[],True,Washington St at Melnea Cass Blvd,B32026,classic
42.316902,"['CREDITCARD', 'KEY']",10,False,f83523e3-0de8-11e7-991c-3863bb43a7d0,False,-71.091946,201,f83523e3-0de8-11e7-991c-3863bb43a7d0,15,[],True,NCAAA - Walnut Ave at Crawford St,B32027,classic
42.30791,"['CREDITCARD', 'KEY']",10,False,f835244e-0de8-11e7-991c-3863bb43a7d0,False,-71.080952,202,f835244e-0de8-11e7-991c-3863bb43a7d0,15,[],True,Grove Hall Library - 41 Geneva Ave,B32028,classic
42.309572,"['CREDITCARD', 'KEY']",10,False,f83524c0-0de8-11e7-991c-3863bb43a7d0,False,-71.0729,203,f83524c0-0de8-11e7-991c-3863bb43a7d0,15,[],True,Columbia Rd at Ceylon St,B32029,classic
42.324081,"['CREDITCARD', 'KEY']",10,False,f8352534-0de8-11e7-991c-3863bb43a7d0,False,-71.083235,204,f8352534-0de8-11e7-991c-3863bb43a7d0,15,[],True,Walnut Ave at Warren St,B32030,classic
42.30785224238503,"['CREDITCARD', 'KEY']",10,False,f835259f-0de8-11e7-991c-3863bb43a7d0,False,-71.06512248516083,205,f835259f-0de8-11e7-991c-3863bb43a7d0,15,[],True,Bowdoin St at Quincy St,B32031,classic
42.3598253979878,"['CREDITCARD', 'KEY']",10,True,f835260c-0de8-11e7-991c-3863bb43a7d0,False,-71.05979576244862,206,f835260c-0de8-11e7-991c-3863bb43a7d0,35,[],True,Government Center - Cambridge St at Court St,B32032,classic
42.35057,"['CREDITCARD', 'KEY']",10,True,f835288a-0de8-11e7-991c-3863bb43a7d0,False,-71.166491,208,f835288a-0de8-11e7-991c-3863bb43a7d0,13,[],True,Oak Square - 615 Washington St,D32031,classic
42.383532520117896,"['CREDITCARD', 'KEY']",10,False,f8352973-0de8-11e7-991c-3863bb43a7d0,False,-71.01619094610214,210,f8352973-0de8-11e7-991c-3863bb43a7d0,15,[],True,Bennington St at Byron St,A32028,classic
42.36501119822304,"['CREDITCARD', 'KEY']",10,False,f83529e2-0de8-11e7-991c-3863bb43a7d0,False,-71.03528559207916,211,f83529e2-0de8-11e7-991c-3863bb43a7d0,15,[],True,Piers Park,A32029,classic
42.368844082898356,"['CREDITCARD', 'KEY']",10,False,f8352a4d-0de8-11e7-991c-3863bb43a7d0,False,-71.03977829217911,212,f8352a4d-0de8-11e7-991c-3863bb43a7d0,33,[],True,Maverick Square - Lewis Mall,A32030,classic
42.369536,"['CREDITCARD', 'KEY']",10,True,f8352ac4-0de8-11e7-991c-3863bb43a7d0,False,-71.039431,213,f8352ac4-0de8-11e7-991c-3863bb43a7d0,16,[],True,East Boston Neighborhood Health Center - 20 Maverick Square,A32031,classic
42.375353774222354,"['CREDITCARD', 'KEY']",10,True,f8352b39-0de8-11e7-991c-3863bb43a7d0,False,-71.03131771093103,214,f8352b39-0de8-11e7-991c-3863bb43a7d0,15,[],True,Airport T Stop - Bremen St at Brooks St,A32032,classic
42.370744,"['CREDITCARD', 'KEY']",10,False,f8352ba8-0de8-11e7-991c-3863bb43a7d0,False,-71.044201,215,f8352ba8-0de8-11e7-991c-3863bb43a7d0,15,[],True,The Eddy - New St at Sumner St,A32033,classic
42.38240377674137,"['CREDITCARD', 'KEY']",10,False,f8352c1a-0de8-11e7-991c-3863bb43a7d0,False,-71.03024303913116,216,f8352c1a-0de8-11e7-991c-3863bb43a7d0,19,[],True,Glendon St at Condor St,A32034,classic
42.386781,"['CREDITCARD', 'KEY']",10,False,f8352c92-0de8-11e7-991c-3863bb43a7d0,False,-71.006098,217,f8352c92-0de8-11e7-991c-3863bb43a7d0,19,[],True,Orient Heights T Stop - Bennington St at Saratoga St,A32035,classic
42.351586001198456,"['CREDITCARD', 'KEY']",10,False,f8353277-0de8-11e7-991c-3863bb43a7d0,False,-71.04569256305693,218,f8353277-0de8-11e7-991c-3863bb43a7d0,15,[],True,Watermark Seaport - Boston Wharf Rd at Seaport Blvd,C32034,classic
42.373312125824704,"['CREDITCARD', 'KEY']",10,False,f83532fa-0de8-11e7-991c-3863bb43a7d0,False,-71.0410200806291,219,f83532fa-0de8-11e7-991c-3863bb43a7d0,15,[],True,Boston East - 126 Border St,A32036,classic
42.37250864997261,"['CREDITCARD', 'KEY']",8,False,fbb9b58c-2b92-4bcf-8e4c-a982e40d2f39,False,-71.11305356025696,221,fbb9b58c-2b92-4bcf-8e4c-a982e40d2f39,19,[],True,Verizon Innovation Hub 10 Ware Street,M32050,classic
42.343749,"['CREDITCARD', 'KEY']",10,True,83183df0-38c2-4ae8-a0c4-4b59599c9582,False,-71.062256,222,83183df0-38c2-4ae8-a0c4-4b59599c9582,6,[],True,Troy Boston,C32035,classic
42.38267827521855,"['CREDITCARD', 'KEY']",8,False,1331197c-f6c6-4f4a-a29b-95e580359886,False,-71.143478951426,224,1331197c-f6c6-4f4a-a29b-95e580359886,17,[],True,Fresh Pond Reservation,M32051,classic
42.37119727759414,"['CREDITCARD', 'KEY']",8,False,7560f0e3-267b-4fb3-bbfa-6e02010cfcb7,False,-71.09759867191315,225,7560f0e3-267b-4fb3-bbfa-6e02010cfcb7,19,[],True,Cambridge Dept. of Public Works -147 Hampshire St.,M32052,classic
42.35154734791375,"['CREDITCARD', 'KEY']",4,False,ea65c25f-0718-4f79-8588-c58b9fe3a105,False,-71.12126246094704,226,ea65c25f-0718-4f79-8588-c58b9fe3a105,15,[],True,Commonwealth Ave At Babcock St,K32006,classic
42.34949599514002,"['CREDITCARD', 'KEY']",10,False,36f36eed-1070-49be-8b31-5676b8b3489f,False,-71.10057592391968,227,36f36eed-1070-49be-8b31-5676b8b3489f,19,[],True,Silber Way,D32032,classic
42.361619320766856,"['CREDITCARD', 'KEY']",8,False,a825b55d-3ab3-481f-9c50-d3a7313e6843,False,-71.0804355052096,228,a825b55d-3ab3-481f-9c50-d3a7313e6843,19,[],True,One Memorial Drive,M32053,classic
42.304127927390155,"['CREDITCARD', 'KEY']",10,False,31382324-2931-491a-827a-40149e45afee,False,-71.07929527759552,232,31382324-2931-491a-827a-40149e45afee,11,[],True,Four Corners - 157 Washington St,C32037,classic
42.346197076555455,"['CREDITCARD', 'KEY']",4,False,1cced911-b428-4cfd-81be-3a8f77ce7379,False,-71.10728681087494,233,1cced911-b428-4cfd-81be-3a8f77ce7379,15,[],True,St Mary's,K32007,classic
42.39517150121575,"['CREDITCARD', 'KEY']",9,False,625f105e-4407-4988-9095-d1979cbda5e1,False,-71.09850591982195,234,625f105e-4407-4988-9095-d1979cbda5e1,19,[],True,Broadway at Central St,S32016,classic
42.3876281075134,"['CREDITCARD', 'KEY']",9,False,25cc602a-152a-4abe-9df8-a131d0a5d94b,False,-71.08318716287613,235,25cc602a-152a-4abe-9df8-a131d0a5d94b,15,[],True,East Somerville Library (Broadway and Illinois),S32017,classic
42.392232840046276,"['CREDITCARD', 'KEY']",9,True,7c860828-3359-4229-b59b-963f5a4bab00,False,-71.07746601104736,236,7c860828-3359-4229-b59b-963f5a4bab00,15,[],True,Assembly Square T,S32018,classic
42.39407223665884,"['CREDITCARD', 'KEY']",9,False,7df1ee28-441e-44c1-8507-8f58946be96b,False,-71.11133694648743,239,7df1ee28-441e-44c1-8507-8f58946be96b,15,[],True,Community Path at Cedar Street,S32022,classic
42.29442578670662,"['CREDITCARD', 'KEY']",10,False,103a9881-e30a-4d57-b81d-863b995ff759,False,-71.07821760713703,255,103a9881-e30a-4d57-b81d-863b995ff759,15,[],True,Park St at Norwell St,C32039,classic
42.28297567840305,"['CREDITCARD', 'KEY']",10,False,0839bb10-e876-4198-95e4-0147a561853d,False,-71.05466698296368,258,0839bb10-e876-4198-95e4-0147a561853d,15,[],True,Gallivan Blvd at Adams St,C32040,classic
42.299164979365884,"['CREDITCARD', 'KEY']",10,False,829fa5a8-cc88-4ab2-9f34-b481aaa1612e,False,-71.07345871645519,259,829fa5a8-cc88-4ab2-9f34-b481aaa1612e,15,[],True,Washington St at Bowdoin St,C32042,classic
42.299633488420625,"['CREDITCARD', 'KEY']",10,False,8d893519-bc21-4536-b346-f558988bc8ad,False,-71.06068975823291,260,8d893519-bc21-4536-b346-f558988bc8ad,15,[],True,Fields Corner T Stop,C32041,classic
42.2856944,"['CREDITCARD', 'KEY']",10,False,57caf362-1e8b-46aa-9ee3-82341c405ab0,False,-71.0641389,271,57caf362-1e8b-46aa-9ee3-82341c405ab0,14,[],True,Ashmont T Stop,C32062,classic
42.292917,"['CREDITCARD', 'KEY']",10,False,ea00f276-26dc-48ee-b2c8-6e56fd632a2d,False,-71.06575,272,ea00f276-26dc-48ee-b2c8-6e56fd632a2d,19,[],True,Shawmut T Stop,E32009,classic
42.300923,"['CREDITCARD', 'KEY']",10,False,4764641e-b080-4c70-a1e1-049de81e09d0,False,-71.114249,273,4764641e-b080-4c70-a1e1-049de81e09d0,40,[],True,Forest Hills,E32010,classic
42.306539,"['CREDITCARD', 'KEY']",10,False,c202f2ca-ec1d-4dc5-a734-e0a342f23ba4,False,-71.107669,279,c202f2ca-ec1d-4dc5-a734-e0a342f23ba4,23,[],True,Williams St at Washington St,D32040,classic
42.380857,"['CREDITCARD', 'KEY']",10,False,7f68a70d-af0e-450a-b7a8-ce621cd0c8c1,False,-71.070629,280,7f68a70d-af0e-450a-b7a8-ce621cd0c8c1,19,[],True,Main St at Baldwin St,D32036,classic
42.316966,"['CREDITCARD', 'KEY']",10,False,c98f50f6-1901-4c64-b164-8cf33245e022,False,-71.104374,282,c98f50f6-1901-4c64-b164-8cf33245e022,18,[],True,Stony Brook T Stop,D32041,classic
42.3334,"['CREDITCARD', 'KEY']",10,False,74cb9bf6-bb53-4c70-88d2-67998b99628c,False,-71.02495,296,74cb9bf6-bb53-4c70-88d2-67998b99628c,23,[],True,Farragut Rd at E. 6th St,C32051,classic
42.3636929,"['CREDITCARD', 'KEY']",8,False,dd05a440-f881-410c-a071-864da11c634a,False,-71.0875672,318,dd05a440-f881-410c-a071-864da11c634a,18,[],True,Ames St at Broadway,M32059,classic
42.3936,"['CREDITCARD', 'KEY']",8,False,bd3d4824-7203-4edc-a314-cea2b413e886,False,-71.143941,319,bd3d4824-7203-4edc-a314-cea2b413e886,16,[],True,84 Cambridgepark Dr,M32058,classic
42.374878467440965,"['CREDITCARD', 'KEY']",10,False,3dbbb3cb-b52d-46f8-8f9c-db11e83d081c,False,-71.06383498767171,327,3dbbb3cb-b52d-46f8-8f9c-db11e83d081c,15,[],True,Main St at Thompson Sq,D32038,classic
42.396386809455,"['CREDITCARD', 'KEY']",9,False,baab0b05-a028-4147-8432-a2726c7e48ea,False,-71.12011306006025,328,baab0b05-a028-4147-8432-a2726c7e48ea,15,[],True,Grove St at Community Path,S32019,classic
42.3817508,"['CREDITCARD', 'KEY']",9,False,13681246-4bf8-444a-a908-fa165e4ad298,False,-71.0839523,329,13681246-4bf8-444a-a908-fa165e4ad298,15,[],True,Washington St at Myrtle St,S32021,classic
42.38100143038052,"['CREDITCARD', 'KEY']",9,False,f2b83aa2-86cd-4904-a099-74bf2023f768,False,-71.10402522613185,330,f2b83aa2-86cd-4904-a099-74bf2023f768,15,[],True,30 Dane St,S32023,classic
42.336585554561154,"['CREDITCARD', 'KEY']",10,False,5018e851-f2f3-4e18-9914-c316bbcc2c3d,False,-71.0988699646623,331,5018e851-f2f3-4e18-9914-c316bbcc2c3d,15,[],True,Huntington Ave at Mass Art,B32033,classic
42.34953016890375,"['CREDITCARD', 'KEY']",10,False,bb27977d-36c1-496d-8bac-631b612dd7b8,False,-71.13022770741735,332,bb27977d-36c1-496d-8bac-631b612dd7b8,15,[],True,Harvard Ave at Brainerd Rd,D32035,classic
42.37500235137831,"['CREDITCARD', 'KEY']",8,False,93381e13-cd04-4e10-ac81-9f5926aa01d5,False,-71.14871613699506,333,93381e13-cd04-4e10-ac81-9f5926aa01d5,19,[],True,699 Mt Auburn St,M32054,classic
42.39120971915856,"['CREDITCARD', 'KEY']",8,False,1e3beeb4-f8e1-452c-93e5-48df78d4b313,False,-71.12260755160605,334,1e3beeb4-f8e1-452c-93e5-48df78d4b313,18,[],True,Mass Ave at Hadley/Walden,M32056,classic
42.36599432867437,"['CREDITCARD', 'KEY']",8,False,70f20fcb-8e63-4015-9007-b97c525ab0a9,False,-71.09522221614498,335,70f20fcb-8e63-4015-9007-b97c525ab0a9,19,[],True,Harvard St at Greene-Rose Heritage Park,M32055,classic
42.267902,"['CREDITCARD', 'KEY']",10,False,b5894555-30a3-46db-918a-fdeb083d6001,False,-71.093641,336,b5894555-30a3-46db-918a-fdeb083d6001,15,[],True,Mattapan T Stop,C32045,classic
42.287072,"['CREDITCARD', 'KEY']",10,False,5b1d2661-8a93-4f14-b242-ebc52792f951,False,-71.127754,337,5b1d2661-8a93-4f14-b242-ebc52792f951,15,[],True,Roslindale Village - South St,C32047,classic
42.348358628170445,"['CREDITCARD', 'KEY']",10,False,0adccd89-1d8d-44da-9f7c-5f18acafeddf,False,-71.13997217276847,338,0adccd89-1d8d-44da-9f7c-5f18acafeddf,15,[],True,Commonwealth Ave at Kelton St,D32034,classic
42.29266592872725,"['CREDITCARD', 'KEY']",10,False,1ef9964d-47ac-4cd4-916e-7c006fa1e605,False,-71.12119538714069,339,1ef9964d-47ac-4cd4-916e-7c006fa1e605,15,[],True,Archdale Rd at Washington St,C32048,classic
42.274620671812244,"['CREDITCARD', 'KEY']",10,False,e32c0bb9-e85b-4764-b0fb-5c582cfd3a90,False,-71.09372552493369,340,e32c0bb9-e85b-4764-b0fb-5c582cfd3a90,19,[],True,Blue Hill Ave at Almont St,C32044,classic
42.28630716010807,"['CREDITCARD', 'KEY']",10,False,aa964f5b-fadf-4fc1-8c91-84ee36e15f0d,False,-71.12820532182013,341,aa964f5b-fadf-4fc1-8c91-84ee36e15f0d,15,[],True,Roslindale Village - Washington St,C32046,classic
42.344650628878306,"['CREDITCARD', 'KEY']",10,False,47c44bb1-d065-41f5-ad79-c18aee60af34,False,-71.09732501226972,342,47c44bb1-d065-41f5-ad79-c18aee60af34,14,[],True,Boylston St at Jersey St,B32034,classic
42.280725142920296,"['CREDITCARD', 'KEY']",10,False,b205d2bb-bb76-49ac-8d14-85eec5a874d3,False,-71.08617242434775,343,b205d2bb-bb76-49ac-8d14-85eec5a874d3,15,[],True,Morton St T,C23045,classic
42.34024644768889,"['CREDITCARD', 'KEY']",10,False,51bb4381-dae4-4aeb-b213-0614b807be29,False,-71.15168806174552,344,51bb4381-dae4-4aeb-b213-0614b807be29,19,[],True,Commonwealth Ave at Chiswick Rd,D32033,classic
42.351828068920675,"['CREDITCARD', 'KEY']",10,False,df03c61a-29d7-445d-9980-d7f058916591,False,-71.06781138111728,345,df03c61a-29d7-445d-9980-d7f058916591,19,[],True,Park Plaza at Charles St S.,D32042,classic
42.335543083570826,"['CREDITCARD', 'KEY']",10,False,25a9114f-66f0-427c-920f-5526ca84f056,False,-71.15061519672052,346,25a9114f-66f0-427c-920f-5526ca84f056,14,[],True,Cleveland Circle,B32035,classic
42.286212948246096,"['CREDITCARD', 'KEY']",10,False,b0b8e427-7203-4844-9c70-129e08a74452,False,-71.07942931372236,347,b0b8e427-7203-4844-9c70-129e08a74452,10,[],True,Thetford Ave at Norfolk St,C32049,classic
42.2945833,"['CREDITCARD', 'KEY']",10,False,97a1e4e7-a1ff-427a-aaea-48ca0d00bf9c,False,-71.087111,348,97a1e4e7-a1ff-427a-aaea-48ca0d00bf9c,15,[],True,Talbot Ave At Blue Hill Ave,C32043,classic
42.290333,"['CREDITCARD', 'KEY']",10,True,eb8824c3-9c84-4fec-8d6f-d537c8ab3beb,False,-71.071806,349,eb8824c3-9c84-4fec-8d6f-d537c8ab3beb,17,[],True,Washington St at Talbot Ave,C32038,classic
42.2873611,"['CREDITCARD', 'KEY']",10,False,ccf82572-a142-4378-9a4b-5a51fcb4ef81,False,-71.071111,350,ccf82572-a142-4378-9a4b-5a51fcb4ef81,17,[],True,Codman Square Library,C32055,classic
42.348278385426255,"['CREDITCARD', 'KEY']",10,False,548b9fdd-c5a1-4638-8e45-36cf549591be,False,-71.08044855314802,352,548b9fdd-c5a1-4638-8e45-36cf549591be,3,[],True,Ring Rd,C32058,classic
42.2773889,"['CREDITCARD', 'KEY']",10,False,b995a0b4-fc26-4661-9bc8-e166d648edfd,False,-71.09325,353,b995a0b4-fc26-4661-9bc8-e166d648edfd,15,[],True,Mattapan Library,C32050,classic
42.34286835071959,"['CREDITCARD', 'KEY']",10,False,510239fe-69c3-458b-b53c-6ce001845f4a,False,-71.14127840855872,354,510239fe-69c3-458b-b53c-6ce001845f4a,15,[],True,Washington St at Egremont Rd,A32037,classic
42.385223935870535,"['CREDITCARD', 'KEY']",10,False,fe6a64e7-c712-404c-85ae-ee77a37245b1,False,-71.01063068965232,355,fe6a64e7-c712-404c-85ae-ee77a37245b1,17,[],True,Bennington St at Constitution Beach,A32039,classic
42.374124549426526,"['CREDITCARD', 'KEY']",10,False,23146f28-9762-4a6d-a6db-fcd4ff0e5d07,False,-71.05481199938367,356,23146f28-9762-4a6d-a6db-fcd4ff0e5d07,23,[],True,Charlestown Navy Yard,D32039,classic
42.3121203,"['CREDITCARD', 'KEY']",10,False,81676204-e42f-4d3d-991e-9c1264f36229,False,-71.1142981,357,81676204-e42f-4d3d-991e-9c1264f36229,15,[],True,Centre St at Seaverns Ave,E32008,classic
42.380429474494896,"['CREDITCARD', 'KEY']",10,False,a18e1e55-507e-49d8-b7c0-5c0efd959125,False,-71.06055721676967,358,a18e1e55-507e-49d8-b7c0-5c0efd959125,19,[],True,Medford St at Charlestown BCYF,D32037,classic
42.333922701369964,"['CREDITCARD', 'KEY']",10,False,f24a573e-ef07-4785-9270-70c443510ea6,False,-71.10446508982932,359,f24a573e-ef07-4785-9270-70c443510ea6,15,[],True,One Brigham Circle,B32036,classic
42.3294633,"['CREDITCARD', 'KEY']",10,False,8b703219-1e16-4ba1-9f46-2b7030c7849a,False,-71.0901582,360,8b703219-1e16-4ba1-9f46-2b7030c7849a,15,[],True,Bartlett St at John Elliot Sq,B32055,classic
42.34924376955301,"['CREDITCARD', 'KEY']",10,False,e2c306f6-82c7-4d0d-89fd-c9452d2f9ad1,False,-71.09728209692548,361,e2c306f6-82c7-4d0d-89fd-c9452d2f9ad1,6,[],True,Deerfield St at Commonwealth Ave,B32037,classic
42.33023070528729,"['CREDITCARD', 'KEY']",10,False,52ca4d94-587f-4a61-a298-a1a755e73bfb,False,-71.05060093123029,362,52ca4d94-587f-4a61-a298-a1a755e73bfb,19,[],True,Columbia Rd at Tierney Community Center,C32052,classic
42.34521562115022,"['CREDITCARD', 'KEY']",10,False,81bfc33b-30d8-4881-b261-712715a8b2bc,False,-71.0638403149278,363,81bfc33b-30d8-4881-b261-712715a8b2bc,19,[],True,Harrison Ave at Mullins Way,C32057,classic
42.338431795290944,"['CREDITCARD', 'KEY']",10,False,8bc42f7f-753d-4cca-a7d6-0d7c2530ea2c,False,-71.08169049924982,364,8bc42f7f-753d-4cca-a7d6-0d7c2530ea2c,19,[],True,Tremont St at Northampton St,C32056,classic
42.34942609892521,"['CREDITCARD', 'KEY']",10,False,fbc512a5-4b98-4821-bcfb-bb0c7ac83543,False,-71.06209959843909,365,fbc512a5-4b98-4821-bcfb-bb0c7ac83543,19,[],True,Harrison Ave at Bennet St,D32043,classic
42.343048583900966,"['CREDITCARD', 'KEY']",10,False,56817d8e-3a1c-431a-a529-1a600f80c364,False,-71.05803430091328,366,56817d8e-3a1c-431a-a529-1a600f80c364,19,[],True,Broadway T Stop,C32053,classic
42.38536765218425,"['CREDITCARD', 'KEY']",8,False,02a4416f-80b4-4472-accd-5db482ed5b6d,False,-71.13775670528412,367,02a4416f-80b4-4472-accd-5db482ed5b6d,19,[],True,Vassal Lane at Tobin/VLUS,M32057,classic
42.317860205899876,"['CREDITCARD', 'KEY']",10,False,eed9e64f-f09d-43c1-aa31-da968c66750a,False,-71.07798628527235,368,eed9e64f-f09d-43c1-aa31-da968c66750a,14,[],True,Blue Hill Ave at Southwood St,B32057,classic
42.36254854409333,"['CREDITCARD', 'KEY']",10,False,3df7aad4-5696-46d1-9d49-7e1e040a1282,False,-71.0573735833168,369,3df7aad4-5696-46d1-9d49-7e1e040a1282,0,[],False,Boston Public Market,D32044,classic
42.35096144421219,"['CREDITCARD', 'KEY']",10,False,803a0c16-4f81-44f1-8b49-a13fcdda40c1,False,-71.07782810926437,370,803a0c16-4f81-44f1-8b49-a13fcdda40c1,19,[],True,Dartmouth St at Newbury St,D32045,classic
42.380788172914286,"['CREDITCARD', 'KEY']",8,False,9e9be067-c6bb-41de-9491-eda69d24d6de,False,-71.15412890911102,371,9e9be067-c6bb-41de-9491-eda69d24d6de,19,[],True,700 Huron Ave,M32060,classic
42.349589423682445,"['CREDITCARD', 'KEY']",10,False,cad0e759-b605-458a-b772-768dcce81dc6,False,-71.0794677917329,372,cad0e759-b605-458a-b772-768dcce81dc6,19,[],True,Boylston St at Exeter St,D32046,classic
42.28634589486312,"['CREDITCARD', 'KEY']",10,False,ba634139-d7bf-448f-aac4-25995d36b67b,False,-71.13672129828046,373,ba634139-d7bf-448f-aac4-25995d36b67b,14,[],True,Belgrade Ave at Walworth St,C32059,classic
42.35668334969929,"['CREDITCARD', 'KEY']",10,True,1676a6f7-c417-48d2-92e8-5ce21995efc3,False,-71.06166645884514,374,1676a6f7-c417-48d2-92e8-5ce21995efc3,19,[],True,Tremont St at Hamilton Pl,B32056,classic
42.36027370454934,"['CREDITCARD', 'KEY']",10,True,c5cfd1ed-aa44-4e20-96bb-e334c96f0d68,False,-71.12852452327388,376,c5cfd1ed-aa44-4e20-96bb-e334c96f0d68,15,[],True,Honan Library,A32040,classic
42.37927324600841,"['CREDITCARD', 'KEY']",9,False,5bbdd12f-fec4-4741-9d5d-4a60834c5d02,False,-71.10341902831351,377,5bbdd12f-fec4-4741-9d5d-4a60834c5d02,19,[],True,Perry Park,S32034,classic
42.38032335045416,"['CREDITCARD', 'KEY']",9,False,ec3eea05-a3ff-43c6-9e24-0c63f09b915f,False,-71.10878612855231,378,ec3eea05-a3ff-43c6-9e24-0c63f09b915f,19,[],True,191 Beacon St,S32035,classic
42.34254913737952,"['CREDITCARD', 'KEY']",10,False,342a2c60-71b0-4d19-98d6-47987cf20dbc,False,-71.07421449387857,379,342a2c60-71b0-4d19-98d6-47987cf20dbc,15,[],True,Tremont St at W. Dedham St,C32060,classic
42.36135837662249,"['CREDITCARD', 'KEY']",8,False,f6df6c1a-064f-428a-951c-2069a081b9df,False,-71.09670273977825,380,f6df6c1a-064f-428a-951c-2069a081b9df,16,[],True,Mass Ave at Albany St,M32061,classic
42.37426713524931,"['CREDITCARD', 'KEY']",8,False,2104f242-2dde-4ec0-8197-4454b1021ac1,False,-71.10026478767395,381,2104f242-2dde-4ec0-8197-4454b1021ac1,25,[],True,Inman Square at Springfield St.,M32062,classic
42.35159662465317,"['CREDITCARD', 'KEY']",10,False,8983c75a-12c1-4995-aedc-24c94bd895e3,False,-71.0756166279316,384,8983c75a-12c1-4995-aedc-24c94bd895e3,19,[],True,Clarendon St at Newbury St,D32047,classic
42.33664795427071,"['CREDITCARD', 'KEY']",10,False,1e1b40cd-8e00-4b74-b147-be6b23f5c9e7,False,-71.0689445958451,385,1e1b40cd-8e00-4b74-b147-be6b23f5c9e7,15,[],True,Albany St at E. Brookline St,C32061,classic
42.36860524248197,"['CREDITCARD', 'KEY']",8,False,5bc7cba9-f0b0-442d-932c-e8c7927d87ce,False,-71.09930185605663,386,5bc7cba9-f0b0-442d-932c-e8c7927d87ce,19,[],True,Sennott Park Broadway at Norfolk Street,M32063,classic
42.41143222973408,"['CREDITCARD', 'KEY']",104,False,53a148ca-ac69-4a9c-a986-9a4b4df2f5df,False,-71.06823265090497,387,53a148ca-ac69-4a9c-a986-9a4b4df2f5df,12,[],True,7 Acre Park,V32001,classic
42.40701601597739,"['CREDITCARD', 'KEY']",104,False,25489822-e43a-4704-b2a8-d905b78ba77c,False,-71.05645000935965,389,25489822-e43a-4704-b2a8-d905b78ba77c,16,[],True,Everett Square (Broadway at Chelsea St),V32003,classic
42.39648358247693,"['CREDITCARD', 'KEY']",104,False,3f4f4ad4-a715-43d5-828f-f8381f26b66a,False,-71.06546759905541,390,3f4f4ad4-a715-43d5-828f-f8381f26b66a,15,[],True,Broadway at Lynde St,V32004,classic
42.39329263225162,"['CREDITCARD', 'KEY']",104,False,f7d416f8-4377-4019-bba7-302dc1d5a11d,False,-71.0724475979805,391,f7d416f8-4377-4019-bba7-302dc1d5a11d,15,[],True,Encore,V32005,classic
42.41427294293992,"['CREDITCARD', 'KEY']",104,False,d22265a8-a6d7-4922-a6b5-4be738a9e5c4,False,-71.04479655659816,392,d22265a8-a6d7-4922-a6b5-4be738a9e5c4,15,[],True,Glendale Square (Ferry St at Broadway),V32006,classic
42.412504507772105,"['CREDITCARD', 'KEY']",104,False,4b5de733-9353-4873-9dc2-9558b3cb063a,False,-71.05842225271772,393,4b5de733-9353-4873-9dc2-9558b3cb063a,15,[],True,Swan St. Park,V32007,classic
42.410346909767846,"['CREDITCARD', 'KEY']",104,False,f0f01d4c-ba4a-4ab2-9cc0-9fa1f9223300,False,-71.05260457852637,394,f0f01d4c-ba4a-4ab2-9cc0-9fa1f9223300,13,[],True,Broadway at Maple St,V32008,classic
42.420348701645025,"['CREDITCARD', 'KEY']",104,False,fe534b6f-61ad-47d3-b9f6-cdaa128f53a4,False,-71.04419767862055,395,fe534b6f-61ad-47d3-b9f6-cdaa128f53a4,15,[],True,Pope John High School,V32009,classic
42.4093300667225,"['CREDITCARD', 'KEY']",104,False,a5600f2e-baaa-43ea-bce5-880179f38599,False,-71.06381878293178,396,a5600f2e-baaa-43ea-bce5-880179f38599,0,[],False,Wasgott Playground,V32010,classic
42.39836059620832,"['CREDITCARD', 'KEY']",104,False,13444449-b3a8-43d2-b8b9-a59fbc59a174,False,-71.06373842814719,397,13444449-b3a8-43d2-b8b9-a59fbc59a174,9,[],True,Broadway at Beacham St,V32011,classic
42.36550728505653,"['CREDITCARD', 'KEY']",8,False,133d159e-a202-4310-910f-eca392fe181e,False,-71.0801375997653,398,133d159e-a202-4310-910f-eca392fe181e,19,[],True,75 Binney St,M32064,classic
42.34854543411198,"['CREDITCARD', 'KEY']",10,False,53548ba4-ad0a-4d92-8e57-fd5c9f3ad102,False,-71.06559185315746,399,53548ba4-ad0a-4d92-8e57-fd5c9f3ad102,15,[],True,Shawmut Ave at Oak St W,D32048,classic
42.34734473177431,"['CREDITCARD', 'KEY']",10,False,99675a11-a92c-465c-bf5a-434b08ba5fc6,False,-71.1001680795016,400,99675a11-a92c-465c-bf5a-434b08ba5fc6,27,[],True,Lansdowne T Stop,B32058,classic
42.32464510949409,"['CREDITCARD', 'KEY']",4,False,186accbb-6a08-4e1d-b267-9033c4443a56,False,-71.12135231494904,401,186accbb-6a08-4e1d-b267-9033c4443a56,15,[],True,High St at Cypress St,K32010,classic
42.33985827126298,"['CREDITCARD', 'KEY']",4,False,270ad97d-035d-472a-9827-76d3187afc56,False,-71.13421171095978,402,270ad97d-035d-472a-9827-76d3187afc56,15,[],True,Washington Sq,K32011,classic
42.340122426966424,"['CREDITCARD', 'KEY']",4,False,0daf7408-7a15-4d2b-8c39-f1a097cdbe85,False,-71.12070563810447,403,0daf7408-7a15-4d2b-8c39-f1a097cdbe85,15,[],True,Marion St at Harvard St,K32012,classic
42.34135615767354,"['CREDITCARD', 'KEY']",10,False,ad2cf74c-0e8c-4e15-8f19-2259e8c82f0f,False,-71.08336953450817,404,ad2cf74c-0e8c-4e15-8f19-2259e8c82f0f,14,[],True,Mass Ave T Station,C32063,classic
42.32039374304257,"['CREDITCARD', 'KEY']",10,False,f8285d4f-5053-4e26-bb28-72016fe11353,False,-71.05355408051764,405,f8285d4f-5053-4e26-bb28-72016fe11353,19,[],True,Sydney St at Carson St,C32064,classic
42.39189811591863,"['CREDITCARD', 'KEY']",9,False,88b35b6d-f355-44dc-b85e-ed2eb1bc9099,False,-71.09745375830244,406,88b35b6d-f355-44dc-b85e-ed2eb1bc9099,19,[],True,Somerville City Hall Annex,S32036,classic
42.38831607584243,"['CREDITCARD', 'KEY']",9,False,403c0f6c-d01a-4171-a7be-3aa4dbb0d7d1,False,-71.1106824874878,407,403c0f6c-d01a-4171-a7be-3aa4dbb0d7d1,14,[],True,Craigie at Summer St,S32037,classic
42.38717463348314,"['CREDITCARD', 'KEY']",9,False,42886366-9cbf-432c-ba84-beef38877c87,False,-71.08714388528824,408,42886366-9cbf-432c-ba84-beef38877c87,15,[],True,Edgerly Education Center,S32038,classic
42.38952436305763,"['CREDITCARD', 'KEY']",9,False,171f821a-93cf-4791-b322-0834a29c2c5a,False,-71.11694140364307,409,171f821a-93cf-4791-b322-0834a29c2c5a,19,[],True,Elm St at White St,S32039,classic
42.291679428741226,"['CREDITCARD', 'KEY']",10,False,ef54374b-0406-4b17-b0a1-847f1d7bea06,False,-71.05726346409938,410,ef54374b-0406-4b17-b0a1-847f1d7bea06,15,[],True,Adams St at Lonsdale St,C32065,classic
42.291718,"['CREDITCARD', 'KEY']",10,False,4fe8e777-345b-4fc2-a684-dd874e8186d8,False,-71.062571,411,4fe8e777-345b-4fc2-a684-dd874e8186d8,15,[],True,Dorchester Ave at King St,C32066,classic
42.34385240349049,"['CREDITCARD', 'KEY']",10,False,295553ea-851b-4ac2-a094-f9d1208e399a,False,-71.06764554982874,412,295553ea-851b-4ac2-a094-f9d1208e399a,19,[],True,Washington St at Peters Park,C32067,classic
42.36955297756508,"['CREDITCARD', 'KEY']",8,False,9ca92778-9101-48df-90ea-08b784e26a1a,False,-71.08579014980933,413,9ca92778-9101-48df-90ea-08b784e26a1a,19,[],True,Kennedy-Longfellow School 158 Spring St,M32065,classic
42.39790817368333,"['CREDITCARD', 'KEY']",8,False,8347c34d-68df-404b-ac58-7a387cc3ce4b,False,-71.14797130814623,414,8347c34d-68df-404b-ac58-7a387cc3ce4b,23,[],True,Discovery Park - 30 Acorn Park Drive,M32066,classic
42.34954403114251,"['CREDITCARD', 'KEY']",10,False,36a8fbc8-6069-4a29-bbfd-63a2d019c9a5,False,-71.0724207387284,415,36a8fbc8-6069-4a29-bbfd-63a2d019c9a5,19,[],True,Stuart St at Berkeley St,D32049,classic
42.36435589027983,"['CREDITCARD', 'KEY']",10,False,082262bd-086b-46c7-83ce-eed2b39142ff,False,-71.0695936904267,416,082262bd-086b-46c7-83ce-eed2b39142ff,15,[],True,Blossom St at Charles St,D32050,classic
42.34474224772802,"['CREDITCARD', 'KEY']",10,False,ddcc8869-b8d4-483c-b9da-457fcebc8dc1,False,-71.07648162175792,417,ddcc8869-b8d4-483c-b9da-457fcebc8dc1,19,[],True,Columbus Ave at W. Canton St,C32077,classic
42.37544912547037,"['CREDITCARD', 'KEY']",10,False,9e710d48-51c1-460e-a027-3d16bde62b13,False,-71.03918548682486,419,9e710d48-51c1-460e-a027-3d16bde62b13,15,[],True,Central Square East Boston,A32041,classic
42.35872530462163,"['CREDITCARD', 'KEY']",10,False,a758e44b-8f6b-498e-b943-1c4e965b00f4,False,-71.07079532006537,420,a758e44b-8f6b-498e-b943-1c4e965b00f4,0,[],False,Charles St at Pinckney St,D32051,classic
42.29118034790426,"['CREDITCARD', 'KEY']",10,False,87b5a8b7-a330-4c51-ab32-7dafa292c88f,False,-71.117736660035,421,87b5a8b7-a330-4c51-ab32-7dafa292c88f,19,[],True,Northbourne Rd at Hyde Park Ave,C32078,classic
42.278811581565975,"['CREDITCARD', 'KEY']",10,False,d1c0b0c2-6e4c-424e-a946-a2a95a711633,False,-71.11687703062671,422,d1c0b0c2-6e4c-424e-a946-a2a95a711633,12,[],True,American Legion Hwy at Cummins Hwy,C32079,classic
42.28484472443536,"['CREDITCARD', 'KEY']",10,False,9f54207a-3308-43bd-b45c-9042b6389598,False,-71.11874517062459,423,9f54207a-3308-43bd-b45c-9042b6389598,19,[],True,Mt. Hope St at Hyde Park Ave,C32080,classic
42.3060456272408,"['CREDITCARD', 'KEY']",10,False,c5017e67-cada-4549-a52e-0f13dddd289d,False,-71.11570891001975,424,c5017e67-cada-4549-a52e-0f13dddd289d,19,[],True,Jamaica St at South St,D32052,classic
42.3193094317828,"['CREDITCARD', 'KEY']",10,False,ec4e1168-25dc-4929-b17b-e4ae578dd888,False,-71.09639923859504,425,ec4e1168-25dc-4929-b17b-e4ae578dd888,16,[],True,The Dimock Center,E32011,classic
42.35294569782581,"['CREDITCARD', 'KEY']",10,False,2363c5a3-93cc-41a2-a767-90f1826c041f,False,-71.05656400803126,426,2363c5a3-93cc-41a2-a767-90f1826c041f,27,[],True,Surface Rd at Summer St,A32042,classic
42.280728147169015,"['CREDITCARD', 'KEY']",10,False,acb27827-d69a-4287-b132-3f529ca62ad2,False,-71.13423757273267,427,acb27827-d69a-4287-b132-3f529ca62ad2,19,[],True,Washington St at Denton Terr,C32081,classic
42.361787410661876,"['CREDITCARD', 'KEY']",10,False,2130e322-42a2-44ef-bbec-6a4fbf179fd9,False,-71.14393111327445,428,2130e322-42a2-44ef-bbec-6a4fbf179fd9,19,[],True,Western Ave at Richardson St,A32043,classic
42.277194696397906,"['CREDITCARD', 'KEY']",10,False,12d463d2-ce50-43bd-81b1-6be4dbdbbc1b,False,-71.06955613950048,430,12d463d2-ce50-43bd-81b1-6be4dbdbbc1b,19,[],True,Washington St at Walsh Playground,C32083,classic
42.281986277339136,"['CREDITCARD', 'KEY']",10,False,9bfa4a32-5598-46ea-a1a1-17b4c6ed9d84,False,-71.07147924620222,431,9bfa4a32-5598-46ea-a1a1-17b4c6ed9d84,15,[],True,Washington St at Fuller St,C32084,classic
42.286331991127746,"['CREDITCARD', 'KEY']",10,False,0cb6d635-6a7d-4d75-89b4-36b12616be12,False,-71.15344755369732,432,0cb6d635-6a7d-4d75-89b4-36b12616be12,19,[],True,Centre St at W. Roxbury Post Office,C32085,classic
42.28277901074054,"['CREDITCARD', 'KEY']",10,False,676ca473-eed6-4971-aaf3-e199a7ca335b,False,-71.15728851416861,433,676ca473-eed6-4971-aaf3-e199a7ca335b,17,[],True,Centre St at Parkway YMCA,C32086,classic
42.277484442008216,"['CREDITCARD', 'KEY']",10,False,90330e1a-dee5-4914-9d3f-3891aeca12ca,False,-71.16341467955863,434,90330e1a-dee5-4914-9d3f-3891aeca12ca,19,[],True,Spring St at Powell St,C32087,classic
42.27094707029229,"['CREDITCARD', 'KEY']",10,False,0b0467c1-0c90-4529-a556-fe4d57835bbb,False,-71.07337901405117,435,0b0467c1-0c90-4529-a556-fe4d57835bbb,15,[],True,Central Ave at River St,C32088,classic
42.36774122306014,"['CREDITCARD', 'KEY']",10,False,8d535c23-f186-4161-aa10-17e94be6d4ae,False,-71.0333597474255,436,8d535c23-f186-4161-aa10-17e94be6d4ae,15,[],True,Maverick St at Massport Path,A32044,classic
42.37207657915397,"['CREDITCARD', 'KEY']",8,False,9fef6df2-7f8f-43fc-a85b-7dd5453860f9,False,-71.08995433905875,437,9fef6df2-7f8f-43fc-a85b-7dd5453860f9,19,[],True,Berkshire Street at Cambridge Street,M32067,classic
42.356560923089404,"['CREDITCARD', 'KEY']",10,False,20b0b405-54ba-4a80-b89c-0819772665db,False,-71.14167537549292,440,20b0b405-54ba-4a80-b89c-0819772665db,17,[],True,Boston Landing,A32045,classic
42.384452256358436,"['CREDITCARD', 'KEY']",10,False,40ee059e-8530-4992-9114-c16b87d6832f,False,-71.07514854529654,441,40ee059e-8530-4992-9114-c16b87d6832f,19,[],True,Sullivan Square,D32053,classic
42.29606704649873,"['CREDITCARD', 'KEY']",10,False,ff6ed364-8676-45a0-b97f-71025683849e,False,-71.11601199963843,442,ff6ed364-8676-45a0-b97f-71025683849e,15,[],True,Hyde Park Ave at Walk Hill St,C32089,classic
42.332862884862635,"['CREDITCARD', 'KEY']",10,False,82b41ffb-e284-4e4d-b22a-0cad2bfd4bee,False,-71.09218861916816,443,82b41ffb-e284-4e4d-b22a-0cad2bfd4bee,19,[],True,Whittier St Health Center,B32059,classic
42.31886468217537,"['CREDITCARD', 'KEY']",10,False,7ec0c53c-876a-419c-a78b-4edd000bbc9a,False,-71.04536797860419,445,7ec0c53c-876a-419c-a78b-4edd000bbc9a,18,[],True,Geiger Gibson Community Health Center,C32090,classic
42.34960945333059,"['CREDITCARD', 'KEY']",10,False,a6e0db4f-fc9b-42af-bfe0-36cc0259b717,False,-71.10391523698127,446,a6e0db4f-fc9b-42af-bfe0-36cc0259b717,16,[],True,700 Commonwealth Ave.,B32060,classic
42.34679008347347,"['CREDITCARD', 'KEY']",10,False,2ba0c5dd-c990-4434-8a84-5c3eca23f096,False,-71.14549813806661,447,2ba0c5dd-c990-4434-8a84-5c3eca23f096,18,[],True,The Overlook at St. Gabriel's,D32054,classic
42.415327096032044,"['CREDITCARD', 'KEY']",104,False,228b8017-e4da-4722-9223-b8279a14b8ad,False,-71.05281829839441,448,228b8017-e4da-4722-9223-b8279a14b8ad,11,[],True,Hale Park,V32012,classic
42.34414898749529,"['CREDITCARD', 'KEY']",4,False,a83f982f-a4f1-43e4-98e8-c8f4a0bb7290,False,-71.11467361450195,452,a83f982f-a4f1-43e4-98e8-c8f4a0bb7290,1,[],True,1200 Beacon St,K32015,classic
42.35019319808638,"['CREDITCARD', 'KEY']",10,False,2fd22786-dfeb-4126-a906-4f01802087f3,False,-71.07744187116623,454,2fd22786-dfeb-4126-a906-4f01802087f3,0,[],False,Boylston St at Dartmouth St,D32055,classic
42.372076114722866,"['CREDITCARD', 'KEY']",125,False,634b697d-0e64-4102-8849-abac7a7f8e35,False,-71.15683130688922,455,634b697d-0e64-4102-8849-abac7a7f8e35,12,[],True,Coolidge Sq.,W32001,classic
42.38294430172271,"['CREDITCARD', 'KEY']",8,False,f606593b-3d07-40f2-bc6d-a0eb96588e44,False,-71.12449831038248,456,f606593b-3d07-40f2-bc6d-a0eb96588e44,19,[],True,Graham and Parks School  Linnaean St at Walker St,M32068,classic
42.365260317694485,"['CREDITCARD', 'KEY']",125,False,66763558-7a03-48a9-8665-6b4445b81f48,False,-71.18573324459247,458,66763558-7a03-48a9-8665-6b4445b81f48,0,[],True,Watertown Sq,W32002,classic
42.36530094929082,"['CREDITCARD', 'KEY']",10,False,cf5f920f-b61d-4db0-b139-14aff04d577c,False,-71.06092190993877,459,cf5f920f-b61d-4db0-b139-14aff04d577c,20,[],True,Canal St at Causeway St,A32046,classic
42.35849449039304,"['CREDITCARD', 'KEY']",10,False,5afe91c4-8076-4f9f-b83b-cf233bda2331,False,-71.05426469875965,460,5afe91c4-8076-4f9f-b83b-cf233bda2331,15,[],True,Broad St at Central St,A32047,classic
42.41606457115141,"['CREDITCARD', 'KEY']",128,False,81323081-749c-44cf-ac62-0e6c64305c32,False,-71.15336636682059,461,81323081-749c-44cf-ac62-0e6c64305c32,11,[],True,Railroad Lot and Minuteman Bikeway,L32001,classic
42.40935395518158,"['CREDITCARD', 'KEY']",128,False,e4d5271f-5f76-401b-b7f0-c8dce3c26f10,False,-71.14906518727366,462,e4d5271f-5f76-401b-b7f0-c8dce3c26f10,11,[],True,Linwood St at Minuteman Bikeway,L32002,classic
42.39239749145834,"['CREDITCARD', 'KEY']",8,False,38706d8c-8d4b-49f7-b6ed-7688449db261,False,-71.15058331757609,463,38706d8c-8d4b-49f7-b6ed-7688449db261,19,[],True,Smith Pl at Wilson Rd,M32069,classic
42.40726052447951,"['CREDITCARD', 'KEY']",128,False,9c8366d8-3b58-4894-b281-09e22f6fe5f7,False,-71.14382132425817,464,9c8366d8-3b58-4894-b281-09e22f6fe5f7,11,[],True,Mass Ave at Grafton St,L32003,classic
42.40994213011757,"['CREDITCARD', 'KEY']",128,False,8e7c1984-dc81-43b0-a0d3-58c6de45225a,False,-71.14009319811885,465,8e7c1984-dc81-43b0-a0d3-58c6de45225a,11,[],True,Broadway at Grafton St,L32004,classic
42.35574334805774,"['CREDITCARD', 'KEY']",127,False,9f582e05-15e0-4a39-aef5-c719e0c78e26,False,-71.18641942508475,466,9f582e05-15e0-4a39-aef5-c719e0c78e26,11,[],True,Centre St at Washington St,N32000,classic
42.35389024396587,"['CREDITCARD', 'KEY']",127,False,918335df-fc1a-45c2-9cfc-c5e2e93aecc0,False,-71.19943707257335,467,918335df-fc1a-45c2-9cfc-c5e2e93aecc0,11,[],True,Washington St at Crafts St,N32001,classic
42.36068455768156,"['CREDITCARD', 'KEY']",127,False,ad2fb6f2-921f-440c-83de-08be76e35c2a,False,-71.20146199598821,468,ad2fb6f2-921f-440c-83de-08be76e35c2a,15,[],True,Nonantum Library,N32002,classic
42.35711920909866,"['CREDITCARD', 'KEY']",127,False,01d29f8c-768d-4c4f-84ca-3de966075287,False,-71.1860453666327,469,01d29f8c-768d-4c4f-84ca-3de966075287,11,[],True,Bacon St at Washington St,N32003,classic
42.36054174140606,"['CREDITCARD', 'KEY']",8,False,f1cafe36-f800-41f6-b74d-73953cb6394c,False,-71.08669817447662,471,f1cafe36-f800-41f6-b74d-73953cb6394c,27,[],True,MIT Carleton St at Amherst St,M32070,classic
42.36085937353302,"['CREDITCARD', 'KEY']",8,False,533620e8-00ff-494a-b288-bd67602bc98e,False,-71.08551858007559,472,533620e8-00ff-494a-b288-bd67602bc98e,27,[],True,MIT Hayward St at Amherst St,M32071,classic
42.349600498642076,"['CREDITCARD', 'KEY']",127,False,7dd0fc98-c1dd-4c93-9c1d-4bbdf5f93346,False,-71.2262749671936,473,7dd0fc98-c1dd-4c93-9c1d-4bbdf5f93346,12,[],True,West Newton,N32005,classic
42.354104081396585,"['CREDITCARD', 'KEY']",127,False,77c1736c-a609-4453-94f7-8e4253a8193c,False,-71.21382214128971,474,77c1736c-a609-4453-94f7-8e4253a8193c,11,[],True,Watertown St at Albemarle Rd,N32006,classic
42.36277388549605,"['CREDITCARD', 'KEY']",125,False,68e5e79a-3c94-4848-b619-9c0829d7f687,False,-71.15764854490408,475,68e5e79a-3c94-4848-b619-9c0829d7f687,15,[],True,Arsenal Yards,W32004,classic
42.38066930871317,"['CREDITCARD', 'KEY']",10,False,9b0aff89-5242-475e-b03b-87c3c3bf51bb,False,-71.03907315999093,477,9b0aff89-5242-475e-b03b-87c3c3bf51bb,19,[],True,Marion St at White St,A32048,classic
42.37057753242139,"['CREDITCARD', 'KEY']",10,False,c935cfb1-ef73-402e-9b86-83aaaac6534d,False,-71.03558540113227,478,c935cfb1-ef73-402e-9b86-83aaaac6534d,19,[],True,Gove St at Orleans St,A32049,classic
42.363003781560096,"['CREDITCARD', 'KEY']",8,False,13918b3b-9ac5-4968-a74d-e40dd3bc952e,False,-71.08974037706501,479,13918b3b-9ac5-4968-a74d-e40dd3bc952e,19,[],True,Galileo Galilei Way at Main Street,M32072,classic
42.40016804853787,"['CREDITCARD', 'KEY']",128,False,af066ffd-b892-434f-8532-1982fc408780,False,-71.14456963094199,480,af066ffd-b892-434f-8532-1982fc408780,11,[],True,Thorndike Field at Minuteman Bikeway,L32005,classic
42.341780891371904,"['CREDITCARD', 'KEY']",10,False,868ccc83-99e5-4faf-96eb-e1fae26b9741,False,-71.03987016504107,481,868ccc83-99e5-4faf-96eb-e1fae26b9741,19,[],True,645 Summer St,C32091,classic
42.406161241322444,"['CREDITCARD', 'KEY']",104,False,e68655be-23d3-46e5-a509-25be677e7542,False,-71.06041654944418,482,e68655be-23d3-46e5-a509-25be677e7542,11,[],True,Kearins Playground,V32013,classic
42.364119035231525,"['CREDITCARD', 'KEY']",10,False,3b158c7a-a362-43ae-af1f-121b78be32d7,False,-71.02876782417297,483,3b158c7a-a362-43ae-af1f-121b78be32d7,17,[],True,Porzio Park,A32050,classic
42.408088,"['CREDITCARD', 'KEY']",126,False,7feae3ce-ddf2-4a45-a123-1209c8a9182b,False,-71.008942,484,7feae3ce-ddf2-4a45-a123-1209c8a9182b,11,[],True,Revere Public Library,R32007,classic
42.40741,"['CREDITCARD', 'KEY']",126,False,aa556ad4-0092-4687-96c2-8dbc69addb56,False,-71.0139,485,aa556ad4-0092-4687-96c2-8dbc69addb56,11,[],True,Revere City Hall,R32006,classic
42.330528,"['CREDITCARD', 'KEY']",127,False,9340e113-e0b2-48ac-b58a-8b6f001b0a94,False,-71.192861,486,9340e113-e0b2-48ac-b58a-8b6f001b0a94,11,[],True,Langley Lot,N32008,classic
42.392525,"['CREDITCARD', 'KEY']",9,False,380de8b2-2728-4e4b-83f1-251bfbb5acf2,False,-71.105587,487,380de8b2-2728-4e4b-83f1-251bfbb5acf2,19,[],True,Community Path at Lowell St,S32040,classic
42.324173,"['CREDITCARD', 'KEY']",10,False,aefc33cd-40b9-48da-8b87-415428816bdb,False,-71.10196,488,aefc33cd-40b9-48da-8b87-415428816bdb,16,[],True,Martha Eliot Health Center,E32012,classic
42.379295,"['CREDITCARD', 'KEY']",10,False,f55cdf0a-3d7b-491c-bed2-7dc0ef2062d5,False,-71.027733,489,f55cdf0a-3d7b-491c-bed2-7dc0ef2062d5,16,[],True,Day Sq,A32051,classic
42.286012,"['CREDITCARD', 'KEY']",10,False,065e0e5d-8a0d-49b7-9c1f-c8eaba51a8b4,False,-71.090986,490,065e0e5d-8a0d-49b7-9c1f-c8eaba51a8b4,0,[],True,Blue Hill Ave at Havelock St,C32092,classic
42.339194,"['CREDITCARD', 'KEY']",10,False,50cc3c7f-50ed-4c70-b483-c89f3f47c938,False,-71.06975,491,50cc3c7f-50ed-4c70-b483-c89f3f47c938,19,[],True,Harrison Ave at E. Dedham St,C32093,classic
42.368019,"['CREDITCARD', 'KEY']",10,False,0f554e1d-9f0f-452d-9b4a-e00aa2c5911e,False,-71.1242,492,0f554e1d-9f0f-452d-9b4a-e00aa2c5911e,15,[],True,Harvard Stadium: N. Harvard St at Soldiers Field Rd,A32052,classic
42.28887,"['CREDITCARD', 'KEY']",10,False,efd724b2-31cb-4aec-b9d9-8ab79271630c,False,-71.095003,493,efd724b2-31cb-4aec-b9d9-8ab79271630c,17,[],True,2 Hummingbird Lane at Olmsted Green,C32094,classic
42.36759307632294,"['CREDITCARD', 'KEY']",125,False,518f6524-0e7f-454d-974e-e3ff9db1f795,False,-71.18751436471939,494,518f6524-0e7f-454d-974e-e3ff9db1f795,11,[],True,Watertown Town Hall,W32005,classic
42.380078,"['CREDITCARD', 'KEY']",9,False,569f4952-5a25-4394-a419-f9c4d9cca6f3,False,-71.090098,495,569f4952-5a25-4394-a419-f9c4d9cca6f3,19,[],True,Union Square East,S32041,classic
42.36466403441681,"['CREDITCARD', 'KEY']",125,False,1ef5abb2-5af9-41f2-a0dd-1e44278ad9f1,False,-71.17569386959076,502,1ef5abb2-5af9-41f2-a0dd-1e44278ad9f1,11,[],True,160 Arsenal,W32006,classic
42.398135645582464,"['CREDITCARD', 'KEY']",135,False,f35de2ab-979e-42d5-8cbd-dc479ed637e9,False,-71.030709722545,503,f35de2ab-979e-42d5-8cbd-dc479ed637e9,12,[],True,Cary Square,H32001,classic
42.3931961102951,"['CREDITCARD', 'KEY']",135,False,e49a5b83-2c9c-4610-a48b-89cfea172c8f,False,-71.03344559669495,504,e49a5b83-2c9c-4610-a48b-89cfea172c8f,11,[],True,Bellingham Square,H32002,classic
42.390226711033826,"['CREDITCARD', 'KEY']",135,False,f36e24cd-de4c-4a5e-adf4-cb97ccd2958d,False,-71.03857017704286,505,f36e24cd-de4c-4a5e-adf4-cb97ccd2958d,11,[],True,Chelsea Square,H32003,classic
42.39453079292221,"['CREDITCARD', 'KEY']",135,False,a5144f51-37b3-4404-8f9c-8e6d126d5ca6,False,-71.03085594484583,506,a5144f51-37b3-4404-8f9c-8e6d126d5ca6,11,[],True,Broadway at Gerrish Ave,H32004,classic
42.39636527849676,"['CREDITCARD', 'KEY']",135,False,1a661bb7-7d14-49e9-ac3d-22bafec8a2f0,False,-71.03987179230899,507,1a661bb7-7d14-49e9-ac3d-22bafec8a2f0,11,[],True,Chelsea Station,H32005,classic
42.398417726101584,"['CREDITCARD', 'KEY']",135,False,199f3d59-e726-4549-b9c1-4dfc8a343fdb,False,-71.02390923402707,508,199f3d59-e726-4549-b9c1-4dfc8a343fdb,11,[],True,855 Broadway,H32006,classic
42.36762048745005,"['CREDITCARD', 'KEY']",125,False,d5349097-b478-4b3f-9c46-d8fbcf38e3f4,False,-71.1565663665533,509,d5349097-b478-4b3f-9c46-d8fbcf38e3f4,12,[],True,Nichols Ave. at Watertown Greenway,W32007,classic
42.414202132001854,"['CREDITCARD', 'KEY']",128,False,04d40632-aaf2-49f2-a709-95c2974a7838,False,-71.15051883389242,510,04d40632-aaf2-49f2-a709-95c2974a7838,11,[],True,Mass Ave at Broadway,L32006,classic
42.28611420958351,"['CREDITCARD', 'KEY']",10,False,1206f5c8-7d1f-4c32-9d65-f3e80186fbde,False,-71.14636927843094,511,1206f5c8-7d1f-4c32-9d65-f3e80186fbde,19,[],True,Bellevue T Stop,C32095,classic
42.29376656473529,"['CREDITCARD', 'KEY']",10,False,d7507124-4cab-4063-8445-a59a33a3d6e4,False,-71.1365658044815,512,d7507124-4cab-4063-8445-a59a33a3d6e4,19,[],True,Knoll St at Centre St,C32096,classic
42.2911685327193,"['CREDITCARD', 'KEY']",10,False,66b0f341-a44a-4fa8-b04c-89a38de2950f,False,-71.06300890445709,513,66b0f341-a44a-4fa8-b04c-89a38de2950f,0,[],False,Roseland St At Dorchester Ave,C32097,classic
42.3867355,"['CREDITCARD', 'KEY']",9,False,57716f8d-c9ee-4768-8872-71343ec3ffd8,False,-71.0946444,514,57716f8d-c9ee-4768-8872-71343ec3ffd8,19,[],True,Gilman Square T at Medford St,S32046,classic
42.36895180540729,"['CREDITCARD', 'KEY']",8,False,00802fe6-4268-4dc8-8f55-0dbbc1665ce6,False,-71.10998779535294,515,00802fe6-4268-4dc8-8f55-0dbbc1665ce6,19,[],True,955 Mass Ave,M32073,classic
42.52189284110247,"['CREDITCARD', 'KEY']",136,False,5f726a7d-5c5d-48b1-9b13-06c77572a237,False,-70.8806911110878,516,5f726a7d-5c5d-48b1-9b13-06c77572a237,11,[],True,Salem Ferry Landing,T32001,classic
42.53466911383265,"['CREDITCARD', 'KEY']",136,False,ef6ef93b-488f-496b-afbf-3aedfd967129,False,-70.87021440267563,517,ef6ef93b-488f-496b-afbf-3aedfd967129,15,[],True,Salem Willows Park,T32002,classic
42.51836788262243,"['CREDITCARD', 'KEY']",136,False,57f5003b-6574-40b3-83d7-3b5dee1472e0,False,-70.88952362537384,518,57f5003b-6574-40b3-83d7-3b5dee1472e0,11,[],True,Shetland Park - Congress at Peabody St,T32003,classic
42.51803519796769,"['CREDITCARD', 'KEY']",136,False,ee18dbd6-05b8-4d38-a120-f84c3499a77e,False,-70.89570075273514,519,ee18dbd6-05b8-4d38-a120-f84c3499a77e,11,[],True,Mayor Salvo Path at Mill St,T32004,classic
42.52345239346618,"['CREDITCARD', 'KEY']",136,False,40e58976-02cc-4c7c-911f-7a6c97588bfa,False,-70.89611113071442,520,40e58976-02cc-4c7c-911f-7a6c97588bfa,13,[],True,Salem MBTA - Washington at Federal St,T32005,classic
42.51142784358897,"['CREDITCARD', 'KEY']",136,False,5f8ced09-665c-41e5-b67e-1e58fac21830,False,-70.89183300733566,521,5f8ced09-665c-41e5-b67e-1e58fac21830,11,[],True,Lafayette at Leach St,T32006,classic
42.50182398896298,"['CREDITCARD', 'KEY']",136,False,c111ef1a-f276-415d-a95e-8e3c4e3a0c03,False,-70.89478075504303,522,c111ef1a-f276-415d-a95e-8e3c4e3a0c03,15,[],True,Salem State University - Bike Path at Loring Ave,T32007 ,classic
42.33987891612856,"['CREDITCARD', 'KEY']",127,False,ccd6fdd4-b39e-46d7-b43c-7bacffb6bd87,False,-71.16708934307098,523,ccd6fdd4-b39e-46d7-b43c-7bacffb6bd87,17,[],True,Boston College T,N32009,classic
42.322065656952944,"['CREDITCARD', 'KEY']",127,False,3c837bc0-fd08-49c4-adf5-0e9a98e918a7,False,-71.2063729763031,524,3c837bc0-fd08-49c4-adf5-0e9a98e918a7,15,[],True,Newton Highlands T,N32010,classic
42.365148708129546,"['CREDITCARD', 'KEY']",127,False,3de6e5da-9702-4623-8683-26abd98012a8,False,-71.20236039161682,525,3de6e5da-9702-4623-8683-26abd98012a8,12,[],True,California at Chapel,N32011,classic
42.330062324402995,"['CREDITCARD', 'KEY']",127,False,dd8dee9d-d044-41d6-9371-8463cf9c671b,False,-71.20668411254883,526,dd8dee9d-d044-41d6-9371-8463cf9c671b,15,[],True,Beacon at Walnut,N32012,classic
42.336203368830134,"['CREDITCARD', 'KEY']",127,False,d8ce5f8b-2440-45e1-ab1c-23cb3bcbde84,False,-71.207794547081,527,d8ce5f8b-2440-45e1-ab1c-23cb3bcbde84,13,[],True,Newton Library,N32013,classic
42.351458116963016,"['CREDITCARD', 'KEY']",127,False,903b9b5d-4244-43e4-8441-0d17f9a994f7,False,-71.20764970779419,528,903b9b5d-4244-43e4-8441-0d17f9a994f7,11,[],True,Washington St at Walnut St,N32014,classic
42.358477644348106,"['CREDITCARD', 'KEY']",10,False,a3b94ed8-8301-4ec6-baf2-64ac493b5106,False,-71.06135129928589,529,a3b94ed8-8301-4ec6-baf2-64ac493b5106,16,[],True,One Beacon St,B32061,classic
42.39301840035393,"['CREDITCARD', 'KEY']",9,False,0bc49982-74e9-4bbf-9991-e3d809d6319e,False,-71.08071684837341,530,0bc49982-74e9-4bbf-9991-e3d809d6319e,19,[],True,Foley St at Grand Union Blvd,S32047,classic
42.3443517550051,"['CREDITCARD', 'KEY']",4,False,a439fff7-8630-464c-b277-efca6f6bc664,False,-71.12490355968475,531,a439fff7-8630-464c-b277-efca6f6bc664,15,[],True,Harvard St and Stedman St,K32017,classic
42.390719,"['CREDITCARD', 'KEY']",8,False,940638c5-7cd0-4a11-899e-86af3868d400,False,-71.1538877,532,940638c5-7cd0-4a11-899e-86af3868d400,19,[],True,Concord Ave at Spinelli Place,M32074,classic
42.389456,"['CREDITCARD', 'KEY']",8,False,a9d13461-7f0f-47b0-9a97-8ec9e9792865,False,-71.139019,533,a9d13461-7f0f-47b0-9a97-8ec9e9792865,19,[],True,Danehy Park at New Street,M32075,classic
42.286011,"['CREDITCARD', 'KEY']",10,False,d87db7bd-8961-43fb-8cd6-8163c421b6c8,False,-71.054689,534,d87db7bd-8961-43fb-8cd6-8163c421b6c8,0,[],True,Adams Branch Library,C32098,classic
42.34805541493346,"['CREDITCARD', 'KEY']",127,False,6e340d8e-45db-4fd9-b6eb-b74ec73b0d3e,False,-71.2477594614029,535,6e340d8e-45db-4fd9-b6eb-b74ec73b0d3e,15,[],True,Auburndale,N32015,classic
42.3607028354884,"['CREDITCARD', 'KEY']",10,False,e519df41-c4d7-403a-9afa-a5dd7cdd2d03,False,-71.05524927377701,536,e519df41-c4d7-403a-9afa-a5dd7cdd2d03,18,[],True,Clinton St at North St,D32057,classic
42.29704126420948,"['CREDITCARD', 'KEY']",10,False,f836bc28-36a7-4ca6-bba6-0d75333d84bb,False,-71.09171926975249,538,f836bc28-36a7-4ca6-bba6-0d75333d84bb,19,[],True,Circuit Drive at American Legion Hwy,C32099,classic
42.31242399029812,"['CREDITCARD', 'KEY']",10,False,2327cb08-fa9f-459b-9ab0-1a319b0f2f4c,False,-71.09616905450821,539,2327cb08-fa9f-459b-9ab0-1a319b0f2f4c,19,[],True,Walnut Ave at School St,C32102,classic
42.408337058129746,"['CREDITCARD', 'KEY']",126,False,18e98210-d257-414a-92e3-8347c2cac9a5,False,-70.99804848432541,540,18e98210-d257-414a-92e3-8347c2cac9a5,11,[],True,Sumner St at Shirley Ave,R32001,classic
42.40715655698643,"['CREDITCARD', 'KEY']",126,False,e335fa7c-7adf-4360-9bfa-76b18124a56f,False,-70.99272429943085,541,e335fa7c-7adf-4360-9bfa-76b18124a56f,11,[],True,Orr Sq (Shirley Ave),R32002,classic
42.26286746177123,"['CREDITCARD', 'KEY']",10,False,a6d6d4b2-3666-43ad-a690-7f676bdcc3fd,False,-71.12163126468657,542,a6d6d4b2-3666-43ad-a690-7f676bdcc3fd,19,[],True,Hyde Park Ave at Arlington St,C32100,classic
42.27265394101898,"['CREDITCARD', 'KEY']",10,False,5d17f129-af8c-4f30-bc58-6a8279052772,False,-71.119903922081,543,5d17f129-af8c-4f30-bc58-6a8279052772,19,[],True,American Legion Hwy at Hyde Park Ave,C32101,classic
42.35766247889882,"['CREDITCARD', 'KEY']",8,False,dede6d5f-7d62-496e-a8ca-d5a64afe39c1,False,-71.1084133386612,544,dede6d5f-7d62-496e-a8ca-d5a64afe39c1,15,[],True,Old Morse Park at Putnam Ave,M32076,classic
42.278747,"['CREDITCARD', 'KEY']",10,False,b6a8522d-296d-4c05-887d-842374520780,False,-71.080286,545,b6a8522d-296d-4c05-887d-842374520780,15,[],True,Morton St at Gallivan Blvd,C32103,classic
42.2556,"['CREDITCARD', 'KEY']",10,False,ed6c012e-6d6c-41e7-8e01-90749fd67575,False,-71.12444,546,ed6c012e-6d6c-41e7-8e01-90749fd67575,16,[],True,Cleary Sq,C32104,classic
42.28578,"['CREDITCARD', 'KEY']",10,False,be18593a-9e4c-4a13-8bb2-a5bac3d9b2b3,False,-71.109725,547,be18593a-9e4c-4a13-8bb2-a5bac3d9b2b3,18,[],True,606 American Legion Hwy at Canterbury St,C32105,classic
42.2681,"['CREDITCARD', 'KEY']",10,False,b23674a7-15a8-46d2-8219-6668acecf24a,False,-71.11924,548,b23674a7-15a8-46d2-8219-6668acecf24a,18,[],True,555 Metropolitan Ave,C32106,classic
42.36473898691789,"['CREDITCARD', 'KEY']",10,False,3a6d94a7-9fee-41c5-b8cc-a8487c5e691b,False,-71.05934903025626,549,3a6d94a7-9fee-41c5-b8cc-a8487c5e691b,24,[],True,Valenti Way at Haverhill St,A32053,classic
42.3864,"['CREDITCARD', 'KEY']",9,False,61168d8b-20b7-46c8-8f08-6ae1f100c4e0,False,-71.09601,550,61168d8b-20b7-46c8-8f08-6ae1f100c4e0,17,[],True,Somerville High School & Central Library,S32048,classic
42.371141,"['CREDITCARD', 'KEY']",8,False,fe90d430-d33f-48b2-a5cd-bc161b220939,False,-71.076198,553,fe90d430-d33f-48b2-a5cd-bc161b220939,23,[],True,Cambridge Crossing at North First Street,M32077,classic
42.339202,"['CREDITCARD', 'KEY']",10,False,bd1755dc-f26c-420e-85b3-fd025d0b5445,False,-71.090511,554,bd1755dc-f26c-420e-85b3-fd025d0b5445,15,[],True,Forsyth St at Huntington Ave,B32062,classic
42.2568376,"['CREDITCARD', 'KEY']",10,False,d1a5e406-718c-44b9-b9dd-e63605b888aa,False,-71.122509,555,d1a5e406-718c-44b9-b9dd-e63605b888aa,15,[],True,Hyde Park Library,E32013,classic
42.2645666,"['CREDITCARD', 'KEY']",10,False,8b97606e-a849-4db8-ae9b-4009fe48d90b,False,-71.1145523,556,8b97606e-a849-4db8-ae9b-4009fe48d90b,19,[],True,Ross Playground,E32014,classic
42.3664204,"['CREDITCARD', 'KEY']",8,False,dcd76e42-eebc-4432-9726-cdb3372b0b07,False,-71.0885418,557,dcd76e42-eebc-4432-9726-cdb3372b0b07,19,[],True,Galileo Galilei Way at Fulkerson St/Binney St,M32078,classic
42.33329254719182,"['CREDITCARD', 'KEY']",10,False,dd008e3c-ff17-4c82-abe0-502272a62425,False,-71.10124647617339,558,dd008e3c-ff17-4c82-abe0-502272a62425,17,[],True,St. Alphonsus St at Tremont St,B32063,classic
42.3362358,"['CREDITCARD', 'KEY']",127,False,c23a4c0d-7e43-4042-80e2-7c894d07763b,False,-71.1934421,559,c23a4c0d-7e43-4042-80e2-7c894d07763b,11,[],True,Centre St at Commonwealth Ave,N32018,classic
42.33420351352245,"['CREDITCARD', 'KEY']",10,False,ab6517ea-ed53-42eb-8881-657d362e56e8,False,-71.08767616843123,560,ab6517ea-ed53-42eb-8881-657d362e56e8,15,[],True,Flat 9 at Whittier,B32064,classic
42.3502102,"['CREDITCARD', 'KEY']",10,False,c1789d39-705f-4c03-9c14-4d6a3a4f4400,False,-71.0446705,561,c1789d39-705f-4c03-9c14-4d6a3a4f4400,19,[],True,Pier 4 Blvd at Autumn Ln,C32107,classic
42.5223714,"['CREDITCARD', 'KEY']",136,False,f4a64c30-b97f-4ae5-b531-a11698b558d7,False,-70.8903331,562,f4a64c30-b97f-4ae5-b531-a11698b558d7,9,[],True,Hawthorne Boulevard,T32008,classic
42.38518146513944,"['CREDITCARD', 'KEY']",10,False,ca76adb6-4c84-4484-9ec3-b411b81ddbef,False,-71.0151367,563,ca76adb6-4c84-4484-9ec3-b411b81ddbef,19,[],True,Addison St at Saratoga St,A32054,classic
42.38736953747185,"['CREDITCARD', 'KEY']",8,False,ff938129-8179-455c-9ac9-9fcb9fc0b6d5,False,-71.12761001482795,564,ff938129-8179-455c-9ac9-9fcb9fc0b6d5,19,[],True,Raymond Park at Walden St,M32079,classic
42.4023682,"['CREDITCARD', 'KEY']",104,False,8a404180-7c2e-4dbe-9489-c478ed959282,False,-71.07573182424781,565,8a404180-7c2e-4dbe-9489-c478ed959282,19,[],True,Wellington MBTA,V32014,classic
42.3629016,"['CREDITCARD', 'KEY']",8,False,0208190e-851c-417d-8bc7-1b218db97fbf,False,-71.0915669,566,0208190e-851c-417d-8bc7-1b218db97fbf,23,[],True,Main Street/Albany Street/Technology Square,M32080,classic
42.3528376,"['CREDITCARD', 'KEY']",10,False,9cc65d3d-cfcc-45ff-8f75-7264556b1cf9,False,-71.1296752,567,9cc65d3d-cfcc-45ff-8f75-7264556b1cf9,19,[],True,Brighton Ave at Linden St,D32058,classic
42.33584612997077,"['CREDITCARD', 'KEY']",10,False,a9bc314b-a3fd-46e5-a63b-f005258bba5f,False,-71.08038157224655,568,a9bc314b-a3fd-46e5-a63b-f005258bba5f,19,[],True,Shawmut Ave at Lenox St,D32059,classic
42.38004534693313,"['CREDITCARD', 'KEY']",10,False,e3f5d039-a49e-4b3b-ab4d-4efbef2068c6,False,-71.0730457305908,569,e3f5d039-a49e-4b3b-ab4d-4efbef2068c6,23,[],True,Hood Park,D32060,classic
42.503332,"['CREDITCARD', 'KEY']",136,False,12141b77-6e5f-444b-bace-2abf16db4fee,False,-70.891444,570,12141b77-6e5f-444b-bace-2abf16db4fee,11,[],True,Salem State University - North Campus,T32009,classic
42.506395,"['CREDITCARD', 'KEY']",136,False,52485851-e554-49de-ab9f-f536806d2d34,False,-70.88693,571,52485851-e554-49de-ab9f-f536806d2d34,11,[],True,Forest River Park,T32010,classic
42.516223,"['CREDITCARD', 'KEY']",136,False,54d86d05-b399-42c5-a63a-a97713afc5d4,False,-70.905535,572,54d86d05-b399-42c5-a63a-a97713afc5d4,11,[],True,Essex St at Dalton Parkway,T32011,classic
42.523994,"['CREDITCARD', 'KEY']",136,False,6eaa7343-402d-41c9-9aac-8c664fdbdcf1,False,-70.89684,573,6eaa7343-402d-41c9-9aac-8c664fdbdcf1,11,[],True,Salem MBTA - Lower Level,T32012,classic
42.520136,"['CREDITCARD', 'KEY']",136,False,13883905-f5c7-48a4-9344-4fbd75de70df,False,-70.906271,574,13883905-f5c7-48a4-9344-4fbd75de70df,9,[],True,Community Life Center,T32013,classic
42.520897,"['CREDITCARD', 'KEY']",136,False,b44b7c3d-c054-4591-92a9-3b96d86050ab,False,-70.910528,575,b44b7c3d-c054-4591-92a9-3b96d86050ab,11,[],True,Goodhue St at Grove St,T32014,classic
42.411709,"['CREDITCARD', 'KEY']",139,False,6cec3afa-554c-466f-8323-5c619fe0ddc6,False,-71.110444,576,6cec3afa-554c-466f-8323-5c619fe0ddc6,11,[],True,Main St at Brooks Park,F32001,classic
42.417724,"['CREDITCARD', 'KEY']",139,False,6aebc664-1e3c-479f-8f65-2bae99215ed3,False,-71.108102,577,6aebc664-1e3c-479f-8f65-2bae99215ed3,11,[],True,Medford Sq - Riverside Ave at River St,F32002,classic
42.401697,"['CREDITCARD', 'KEY']",139,False,ee0fa23e-a6c2-474d-a6ef-bf581d63f1ae,False,-71.106128,578,ee0fa23e-a6c2-474d-a6ef-bf581d63f1ae,11,[],True,Tufts Sq - Main St at Medford St,F32003,classic
42.41081837243052,"['CREDITCARD', 'KEY']",139,False,42a3ecca-af9a-4556-90ba-7631546f96f8,False,-71.08152866385353,579,42a3ecca-af9a-4556-90ba-7631546f96f8,11,[],True,Harris Park,F32004,classic
42.423331368452885,"['CREDITCARD', 'KEY']",139,False,4d953f0f-13b5-4b3d-b2da-342003ff7cba,False,-71.09124541293568,580,4d953f0f-13b5-4b3d-b2da-342003ff7cba,11,[],True,Haines Square,F32005,classic
42.373079797934935,"['CREDITCARD', 'KEY']",8,False,f9524971-e9f9-4572-aebc-580e48de042f,False,-71.08634233665725,582,f9524971-e9f9-4572-aebc-580e48de042f,19,[],True,Gore Street at Lambert Street,M32081,classic
42.36304549626695,"['CREDITCARD', 'KEY']",8,False,2d32e355-faee-407b-9bb7-45d80ffb059a,False,-71.08287078916874,583,2d32e355-faee-407b-9bb7-45d80ffb059a,19,[],True,Broad Canal Way at Third Street,M32082,classic
42.426541,"['CREDITCARD', 'KEY']",140,False,f714390d-6874-43fa-a079-a07f83c79c7b,False,-71.073179,584,f714390d-6874-43fa-a079-a07f83c79c7b,11,[],True,Malden Center T Station,G32001,classic
42.42386,"['CREDITCARD', 'KEY']",140,False,eee3aab6-bd98-4d1f-8887-9c4e2adce482,False,-71.067793,585,eee3aab6-bd98-4d1f-8887-9c4e2adce482,11,[],True,Northern Strand at Main St,G32002,classic
42.408156,"['CREDITCARD', 'KEY']",104,False,4f25f6ef-236b-43b4-8a92-68a24db0504b,False,-71.0429,586,4f25f6ef-236b-43b4-8a92-68a24db0504b,14,[],True,Gramsdorf Playground,V32015,classic
42.426537658440544,"['CREDITCARD', 'KEY']",140,False,e4678b17-face-42c3-9b5f-98418d31e3b6,False,-71.06393694877625,587,e4678b17-face-42c3-9b5f-98418d31e3b6,11,[],True,Malden High School,G32003,classic
42.52810051875824,"['CREDITCARD', 'KEY']",136,False,13d4171b-6d93-490e-923f-f2a17d5c7613,False,-70.88971138000488,588,13d4171b-6d93-490e-923f-f2a17d5c7613,11,[],True,Bridge Street Neck,T32016,classic
42.52989964975891,"['CREDITCARD', 'KEY']",136,False,15ec5783-ca7a-4225-ba51-cd0a45ecc975,False,-70.90614259243011,589,15ec5783-ca7a-4225-ba51-cd0a45ecc975,11,[],True,North St at Liberty Hill Ave,T32015,classic
42.36903566594827,"['CREDITCARD', 'KEY']",8,False,93911aa1-b5e4-48aa-a2b6-38fbcf613006,False,-71.08630959910442,590,93911aa1-b5e4-48aa-a2b6-38fbcf613006,19,[],True,John Ahern Field at Kennedy-Longfellow School,M32083,classic
42.395221870310664,"['CREDITCARD', 'KEY']",8,False,abefafdc-c772-4671-86fe-fc15a42adebb,False,-71.14421904097979,592,abefafdc-c772-4671-86fe-fc15a42adebb,23,[],True,87-101 Cambridgepark Drive,M32084,classic
42.375447604963405,"['CREDITCARD', 'KEY']",9,False,d81e16e2-a410-4a0b-b5ae-b72748fc9781,False,-71.09117388747109,593,d81e16e2-a410-4a0b-b5ae-b72748fc9781,19,[],True,Boynton Yards at 101 South Street,S32050,classic
42.33661005730433,"['CREDITCARD', 'KEY']",10,False,4c128753-6fde-4d4c-896e-a1adf89ada98,False,-71.11004680395126,594,4c128753-6fde-4d4c-896e-a1adf89ada98,25,[],True,Riverway at Brookline Ave,A32056,classic
42.33759485033856,"['CREDITCARD', 'KEY']",10,False,c1ae49bd-2a20-4684-886b-ead8dd627cfd,False,-71.08255058528357,595,c1ae49bd-2a20-4684-886b-ead8dd627cfd,17,[],True,Lenox St at Kendall St,D32061,classic
42.40721644126376,"['CREDITCARD', 'KEY']",139,False,910f1452-dbeb-4e69-b226-71b2d7e85715,False,-71.09651505947113,596,910f1452-dbeb-4e69-b226-71b2d7e85715,11,[],True,Hormel Stadium,F32006,classic
42.36356498989399,"['CREDITCARD', 'KEY']",8,False,986068c4-d11a-465a-b8d0-bd0960c57f51,False,-71.10044184048091,597,986068c4-d11a-465a-b8d0-bd0960c57f51,15,[],True,Mass Ave/Lafayette Square,M32085,classic
42.48628784971989,"['CREDITCARD', 'KEY']",136,False,888780ee-bf2f-474e-9622-6bc725aa1b00,False,-70.90166732668875,598,888780ee-bf2f-474e-9622-6bc725aa1b00,11,[],True,Vinnin Square,T32017,classic
42.520096183311445,"['CREDITCARD', 'KEY']",136,False,a51b429f-bf06-425a-b3fe-b3155aa6468c,False,-70.8913904428482,599,a51b429f-bf06-425a-b3fe-b3155aa6468c,11,[],True,Derby Street,T32018,classic
42.37410622047334,"['CREDITCARD', 'KEY']",10,False,7e1dae55-4d3d-4a41-b969-2aeca70e0e69,False,-71.03276252757496,600,7e1dae55-4d3d-4a41-b969-2aeca70e0e69,11,[],True,Bremen St at Marion St,A32055,classic
42.365678711213775,"['CREDITCARD', 'KEY']",10,False,287aedf5-0361-47e9-9de0-14ae3b75cc0d,False,-71.04030132293701,601,287aedf5-0361-47e9-9de0-14ae3b75cc0d,21,[],True,Lewis Mall Wharf,A32057,classic
42.37197725963389,"['CREDITCARD', 'KEY']",8,False,9721c80e-fc8f-474f-8918-b68c041d2836,False,-71.07585847383234,602,9721c80e-fc8f-474f-8918-b68c041d2836,23,[],True,Morgan Ave at North First St,M32086,classic
42.37433925370521,"['CREDITCARD', 'KEY']",8,False,800bde2c-51df-497c-ac2d-bc3a8c00c164,False,-71.11966431146357,603,800bde2c-51df-497c-ac2d-bc3a8c00c164,15,[],True,Church St,M32087,classic
42.403369462300134,"['CREDITCARD', 'KEY']",104,False,a75d3da1-ce74-447f-8e80-52506a81aff3,False,-71.04731440549585,604,a75d3da1-ce74-447f-8e80-52506a81aff3,11,[],True,Chelsea St at Vine St,V32016,classic
